"networkwater_calc";"networkwater_actual";"makeupwater_calc";"makeupwater_min";"makeupwater_actual";"supplytemp_calc";"supplytemp_actual";"supplytemp_diff";"returntemp_calc";"returntemp_actual";"returntemp_diff";"gvstemp_actual";"dailyconsumption_plan";"dailyconsumption_actual";"saving_overspending";"scored_request";"deviationfromplan";"supplycollectors_actual";"specificfuel_actual";"date";"filia";"boiler";"fuel"
3245;2966;35.5;24;32.7;77.5;72.1;5.4;47.7;44.3;3.4;58;247930;0;247930;0;0;2034.2;0;2022-01-31;"ФК ГТС Александровского р-на";"вул. Святого Миколая,79а";"газ"
3245;3008.8;35.5;24;35.8;72.5;67.4;5.1;45.7;42.2;3.5;58;238875;236184;2691;238875;-1.1;2034.2;116.1;2022-01-30;"ФК ГТС Александровского р-на";"вул. Святого Миколая,79а";"газ"
3040;3021.5;35.5;24;31.6;70.1;65.5;4.6;44.7;41.7;3;58;226430;222509;3921;226430;-1.8;2034.2;109.4;2022-01-29;"ФК ГТС Александровского р-на";"вул. Святого Миколая,79а";"газ"
3245;3060.5;35.5;24;31.2;78.7;69.4;9.3;48.2;43.9;4.3;58;253909;249238;4671;253909;-1.9;2034.2;122.5;2022-01-28;"ФК ГТС Александровского р-на";"вул. Святого Миколая,79а";"газ"
3245;3095.5;35.5;24;30.5;87.3;73.3;14;51.7;44.3;7.4;58;300155;283180;16975;285500;-0.8;2117.8;133.7;2022-01-27;"ФК ГТС Александровского р-на";"вул. Святого Миколая,79а";"газ"
3245;3119.5;35.5;24;30.1;86.8;73.7;13.1;51.5;44.5;7;58;300155;285382;14773;300155;-5.2;2034.2;140.3;2022-01-26;"ФК ГТС Александровского р-на";"вул. Святого Миколая,79а";"газ"
3245;3105;35.5;24;31;88;73.9;14.1;51.9;44.8;7.1;58;293539;282149;11390;293539;-4;2125.4;132.8;2022-01-25;"ФК ГТС Александровского р-на";"вул. Святого Миколая,79а";"газ"
3040;2971.5;35.5;24;33.2;81.9;75.5;6.4;49.5;45.6;3.9;58;277833;277455;378;283055;-2;2066.1;134.3;2022-01-24;"ФК ГТС Александровского р-на";"вул. Святого Миколая,79а";"газ"
3040;2968.5;35.5;24;33.8;79.8;76.2;3.6;48.7;46;2.7;58;282955;281949;1006;282955;-0.4;2099.4;134.3;2022-01-23;"ФК ГТС Александровского р-на";"вул. Святого Миколая,79а";"газ"
3040;2968.3;35.5;24;33.2;79.6;75.2;4.4;48.6;45.3;3.3;58;276133;276070;63;276133;0;2073.1;133.2;2022-01-22;"ФК ГТС Александровского р-на";"вул. Святого Миколая,79а";"газ"
3040;2964.3;35.5;24;32.8;74.4;70.9;3.5;46.5;43.9;2.6;58;258065;253680;4385;258000;-1.7;1877;135.2;2022-01-21;"ФК ГТС Александровского р-на";"вул. Святого Миколая,79а";"газ"
0;0;0;0;0;0;0;0;0;0;0;59;0;0;0;0;0;54.7;0;2022-01-31;"ФК ГТС Александровского р-на";"вул. Чубанова, 3д";"газ"
0;0;0;0;0;0;0;0;0;0;0;59;19500;18524;976;19500;-5.3;54.7;338.5;2022-01-30;"ФК ГТС Александровского р-на";"вул. Чубанова, 3д";"газ"
0;0;0;0;0;0;0;0;0;0;0;59;21500;20879;621;21500;-3;54.7;381.6;2022-01-29;"ФК ГТС Александровского р-на";"вул. Чубанова, 3д";"газ"
0;175;0;0;0;0;69.6;0;0;40;0;55.3;17000;13224;3776;17000;-28.6;54.7;241.7;2022-01-28;"ФК ГТС Александровского р-на";"вул. Чубанова, 3д";"газ"
0;171;0;0;0;0;71.6;0;0;41;0;56.3;0;0;0;0;0;128.2;0;2022-01-27;"ФК ГТС Александровского р-на";"вул. Чубанова, 3д";"газ"
0;173;0;0;0;0;72.8;0;0;41.8;0;57;0;0;0;0;0;54.7;0;2022-01-26;"ФК ГТС Александровского р-на";"вул. Чубанова, 3д";"газ"
0;179.7;0;0;0;0;73.4;0;0;40.5;0;58.3;1394;1394;0;1394;0;128.3;10.9;2022-01-25;"ФК ГТС Александровского р-на";"вул. Чубанова, 3д";"газ"
0;0;0;0;0;0;0;0;0;0;0;59.8;17100;17001;99;17100;-0.6;132;128.8;2022-01-24;"ФК ГТС Александровского р-на";"вул. Чубанова, 3д";"газ"
0;0;0;0;0;0;0;0;0;0;0;60.3;17200;16903;297;17200;-1.8;132.1;128;2022-01-23;"ФК ГТС Александровского р-на";"вул. Чубанова, 3д";"газ"
0;0;0;0;0;0;0;0;0;0;0;60.5;18800;17599;1201;18800;-6.8;136.6;128.8;2022-01-22;"ФК ГТС Александровского р-на";"вул. Чубанова, 3д";"газ"
0;0;0;0;0;0;0;0;0;0;0;60.5;21200;20873;327;21200;-1.6;162.5;128.4;2022-01-21;"ФК ГТС Александровского р-на";"вул. Чубанова, 3д";"газ"
766;670;0;0;0;74.5;71;3.5;42.9;40;2.9;0;0;0;0;0;0;0;0;2022-01-31;"ФК ГТС Александровского р-на";"Насосна вул. Чубанова, 3є";"газ"
766;730;0;0;0;69.9;65.4;4.5;41.5;39.5;2;0;0;0;0;0;0;0;0;2022-01-30;"ФК ГТС Александровского р-на";"Насосна вул. Чубанова, 3є";"газ"
766;730;0;0;0;67.7;62.6;5.1;40.8;39.3;1.5;0;0;0;0;0;0;0;0;2022-01-29;"ФК ГТС Александровского р-на";"Насосна вул. Чубанова, 3є";"газ"
766;735;0;0;0;75.6;66.5;9.1;43.3;39;4.3;0;0;0;0;0;0;0;0;2022-01-28;"ФК ГТС Александровского р-на";"Насосна вул. Чубанова, 3є";"газ"
766;740;0;0;0;83.7;65.8;17.9;45.8;39.3;6.5;0;0;0;0;0;0;0;0;2022-01-27;"ФК ГТС Александровского р-на";"Насосна вул. Чубанова, 3є";"газ"
766;740;0;0;0;83.3;67;16.3;45.7;39.8;5.9;0;0;0;0;0;0;0;0;2022-01-26;"ФК ГТС Александровского р-на";"Насосна вул. Чубанова, 3є";"газ"
766;725;0;0;0;84.3;69;15.3;46;40;6;0;0;0;0;0;0;0;0;2022-01-25;"ФК ГТС Александровского р-на";"Насосна вул. Чубанова, 3є";"газ"
766;670;0;0;0;78.6;73.3;5.3;44.2;40.8;3.4;0;0;0;0;0;0;0;0;2022-01-24;"ФК ГТС Александровского р-на";"Насосна вул. Чубанова, 3є";"газ"
766;680;0;0;0;76.7;73.5;3.2;43.6;41;2.6;0;0;0;0;0;0;0;0;2022-01-23;"ФК ГТС Александровского р-на";"Насосна вул. Чубанова, 3є";"газ"
766;680;0;0;0;76.5;71.8;4.7;43.6;40.5;3.1;0;0;0;0;0;0;0;0;2022-01-22;"ФК ГТС Александровского р-на";"Насосна вул. Чубанова, 3є";"газ"
766;677.5;0;0;0;71.6;67.6;4;42;39.8;2.2;0;0;0;0;0;0;0;0;2022-01-21;"ФК ГТС Александровского р-на";"Насосна вул. Чубанова, 3є";"газ"
890;895;18.3;17.8;19;78;73.7;4.3;45.1;41.1;4;60;89092;0;89092;0;0;825;0;2022-01-31;"ФК ГТС Заводского р-на";"вул. Адмірала Ушакова, 251";"газ"
890;895;18.3;17.8;16;72.4;65;7.4;42.9;38;4.9;60;94285;93762;523;94285;-0.6;825;113.6;2022-01-30;"ФК ГТС Заводского р-на";"вул. Адмірала Ушакова, 251";"газ"
890;895;18.3;17.8;17.5;69.7;63.3;6.4;41.9;38;3.9;60;89092;88992;100;89092;-0.1;825;107.9;2022-01-29;"ФК ГТС Заводского р-на";"вул. Адмірала Ушакова, 251";"газ"
890;895;18.3;17.8;22.1;79.3;69.1;10.2;45.6;40;5.6;60;100517;100260;257;100517;-0.3;825;121.5;2022-01-28;"ФК ГТС Заводского р-на";"вул. Адмірала Ушакова, 251";"газ"
890;894.8;18.3;17.8;20.4;89;75.3;13.7;49.2;41.8;7.4;60;115056;114892;164;115056;-0.1;864.3;132.9;2022-01-27;"ФК ГТС Заводского р-на";"вул. Адмірала Ушакова, 251";"газ"
890;895;18.3;17.8;20.2;88.5;75.4;13.1;49;41.6;7.4;60;115056;114649;407;115056;-0.4;825;139;2022-01-26;"ФК ГТС Заводского р-на";"вул. Адмірала Ушакова, 251";"газ"
890;895;18.3;17.8;20.7;89.8;73.6;16.2;49.5;41;8.5;60;112460;111288;1172;112460;-1.1;836.4;133.1;2022-01-25;"ФК ГТС Заводского р-на";"вул. Адмірала Ушакова, 251";"газ"
890;895;18.3;17.8;18.8;83;75.1;7.9;47;41.4;5.6;60;112460;112405;55;115056;-2.4;844.8;133.1;2022-01-24;"ФК ГТС Заводского р-на";"вул. Адмірала Ушакова, 251";"газ"
890;894.3;18.3;17.8;19.6;80.6;75.6;5;46.1;42;4.1;60;115056;115042;14;115056;0;865.7;132.9;2022-01-23;"ФК ГТС Заводского р-на";"вул. Адмірала Ушакова, 251";"газ"
890;895;18.3;17.8;18.8;80.4;74.2;6.2;46;41.1;4.9;60.3;112460;111952;508;112460;-0.5;844.9;132.5;2022-01-22;"ФК ГТС Заводского р-на";"вул. Адмірала Ушакова, 251";"газ"
890;896.3;18.3;17.8;19.6;74.5;71.5;3;43.8;41.4;2.4;60;104671;102941;1730;104671;-1.7;773.6;133.1;2022-01-21;"ФК ГТС Заводского р-на";"вул. Адмірала Ушакова, 251";"газ"
1585;1551;16.3;8.6;10;79.5;75;4.5;45.2;43;2.2;58;130687;0;130687;0;0;1168;0;2022-01-31;"ФК ГТС Коммунарского р-на";"вул. Парамонова, 15в";"газ"
1585;1563.3;16.3;8.6;9.8;74.8;67.9;6.9;44.1;40;4.1;58;137653;137338;315;137600;-0.2;1168;117.6;2022-01-30;"ФК ГТС Коммунарского р-на";"вул. Парамонова, 15в";"газ"
1585;1566.8;16.3;8.6;9.7;72.3;67;5.3;43.2;40;3.2;59.5;130687;130289;398;130687;-0.3;1168;111.6;2022-01-29;"ФК ГТС Коммунарского р-на";"вул. Парамонова, 15в";"газ"
1585;1568;16.3;8.6;9.8;80.4;71.5;8.9;45.3;42;3.3;58;146013;140993;5020;146013;-3.6;1168;120.7;2022-01-28;"ФК ГТС Коммунарского р-на";"вул. Парамонова, 15в";"газ"
1585;1568.3;16.3;8.6;9.5;87.5;77.1;10.4;47.7;44.8;2.9;58;165520;160152;5368;165520;-3.4;1208;132.6;2022-01-27;"ФК ГТС Коммунарского р-на";"вул. Парамонова, 15в";"газ"
1585;1564;16.3;8.6;9.8;87.1;77.5;9.6;47.6;44.5;3.1;60;165520;161479;4041;162020;-0.3;1168;138.3;2022-01-26;"ФК ГТС Коммунарского р-на";"вул. Парамонова, 15в";"газ"
1585;1549.5;16.3;8.6;9.7;88.2;75.5;12.7;48;43.3;4.7;58;162037;154217;7820;156000;-1.2;1163.3;132.6;2022-01-25;"ФК ГТС Коммунарского р-на";"вул. Парамонова, 15в";"газ"
1585;1546.5;16.3;8.6;10;83.4;75.8;7.6;46.2;43.5;2.7;58;162037;154091;7946;165520;-7.4;1162.3;132.6;2022-01-24;"ФК ГТС Коммунарского р-на";"вул. Парамонова, 15в";"газ"
1585;1541;16.3;8.6;10.9;81.3;77.6;3.7;45.5;44.5;1;58;165520;163806;1714;164520;-0.4;1235.6;132.6;2022-01-23;"ФК ГТС Коммунарского р-на";"вул. Парамонова, 15в";"газ"
1585;1543.3;16.3;8.6;9.7;81.1;77;4.1;45.4;44;1.4;60;162037;158994;3043;159037;0;1176.1;135.2;2022-01-22;"ФК ГТС Коммунарского р-на";"вул. Парамонова, 15в";"газ"
1585;1549;16.3;8.6;10;76.7;73.3;3.4;44.5;42.3;2.2;58;151587;151433;154;151587;-0.1;1142.3;132.6;2022-01-21;"ФК ГТС Коммунарского р-на";"вул. Парамонова, 15в";"газ"
76;80;0.2;0.1;0.2;78.7;75;3.7;45.5;48;-2.5;60;7555;0;7555;0;0;64.9;0;2022-01-31;"ФК ГТС Коммунарского р-на";"вул. Оріхівське шосе, 10 (ОКЛ)";"газ"
76;80;0.2;0.1;0.3;73;67.1;5.9;43.3;42.1;1.2;60;7896;7126;770;7890;-10.7;64.9;109.8;2022-01-30;"ФК ГТС Коммунарского р-на";"вул. Оріхівське шосе, 10 (ОКЛ)";"газ"
76;80;0.2;0.1;0.3;70.3;64;6.3;42.2;40.3;1.9;60;7555;6528;1027;7555;-15.7;64.9;100.6;2022-01-29;"ФК ГТС Коммунарского р-на";"вул. Оріхівське шосе, 10 (ОКЛ)";"газ"
76;80;0.2;0.1;0.3;80;69.8;10.2;46;42.5;3.5;60;8304;7446;858;7500;-0.7;64.9;114.7;2022-01-28;"ФК ГТС Коммунарского р-на";"вул. Оріхівське шосе, 10 (ОКЛ)";"газ"
76;80;0.2;0.1;0.3;89.8;77.3;12.5;49.7;46;3.7;60;9258;8905;353;9158;-2.8;60.6;147;2022-01-27;"ФК ГТС Коммунарского р-на";"вул. Оріхівське шосе, 10 (ОКЛ)";"газ"
76;80;0.2;0.1;0.2;89.3;77.5;11.8;49.5;46;3.5;60;9258;8606;652;9150;-6.3;64.9;132.6;2022-01-26;"ФК ГТС Коммунарского р-на";"вул. Оріхівське шосе, 10 (ОКЛ)";"газ"
76;80;0.2;0.1;0.2;90.6;76;14.6;50;45.8;4.2;60;9088;8867;221;9800;-10.5;60.3;147.1;2022-01-25;"ФК ГТС Коммунарского р-на";"вул. Оріхівське шосе, 10 (ОКЛ)";"газ"
76;80;0.2;0.1;0.2;83.7;76;7.7;47.4;45.8;1.6;60;9088;8521;567;8600;-0.9;57.9;147.2;2022-01-24;"ФК ГТС Коммунарского р-на";"вул. Оріхівське шосе, 10 (ОКЛ)";"газ"
76;80;0.2;0.1;0.3;81.3;77.8;3.5;46.5;45.5;1;60;9258;8704;554;8768;-0.7;59.2;147.1;2022-01-23;"ФК ГТС Коммунарского р-на";"вул. Оріхівське шосе, 10 (ОКЛ)";"газ"
76;80;0.2;0.1;0.2;81.1;77.3;3.8;46.4;45.5;0.9;60;9088;8420;668;9008;-7;57.8;145.7;2022-01-22;"ФК ГТС Коммунарского р-на";"вул. Оріхівське шосе, 10 (ОКЛ)";"газ"
76;79.5;0.2;0.1;0.2;75.2;72;3.2;44.1;44.3;-0.2;60;8577;7898;679;8577;-8.6;53.7;147.1;2022-01-21;"ФК ГТС Коммунарского р-на";"вул. Оріхівське шосе, 10 (ОКЛ)";"газ"
127;135;0;0;0;78.1;74;4.1;48.1;46;2.1;58;9695;0;9695;0;0;88.8;0;2022-01-31;"ФК ГТС Коммунарского р-на";"вул. Жасмінна, 5";"газ"
127;136.5;0;0;0;73.1;67;6.1;46;42.3;3.7;58;10274;10220;54;10270;-0.5;88.8;115.1;2022-01-30;"ФК ГТС Коммунарского р-на";"вул. Жасмінна, 5";"газ"
127;137;0;0;0;70.6;65;5.6;45;41.8;3.2;60;9695;9679;16;9695;-0.2;88.8;109;2022-01-29;"ФК ГТС Коммунарского р-на";"вул. Жасмінна, 5";"газ"
127;136;0;0;0;78.4;70.3;8.1;48.6;44.1;4.5;58;10969;10666;303;10969;-2.8;88.8;120.1;2022-01-28;"ФК ГТС Коммунарского р-на";"вул. Жасмінна, 5";"газ"
127;135;0;0;0;86.1;75;11.1;52.2;46.8;5.4;58;12591;11843;748;12591;-6.3;89.3;132.6;2022-01-27;"ФК ГТС Коммунарского р-на";"вул. Жасмінна, 5";"газ"
127;135;0;0;0;85.6;76;9.6;52;46.5;5.5;58;12591;12183;408;12490;-2.5;88.8;137.2;2022-01-26;"ФК ГТС Коммунарского р-на";"вул. Жасмінна, 5";"газ"
127;135;0;0;0;86.8;75;11.8;52.4;46.3;6.1;58;12301;11746;555;11700;0.4;88.5;132.7;2022-01-25;"ФК ГТС Коммунарского р-на";"вул. Жасмінна, 5";"газ"
127;135;0;0;0;80.8;74.8;6;50;46.5;3.5;58;12301;11633;668;12100;-4;88.4;131.5;2022-01-24;"ФК ГТС Коммунарского р-на";"вул. Жасмінна, 5";"газ"
127;135.5;0;0;0;78.7;75.3;3.4;49.1;46.8;2.3;58;12591;12011;580;12600;-4.9;90.5;132.7;2022-01-23;"ФК ГТС Коммунарского р-на";"вул. Жасмінна, 5";"газ"
127;136;0;0;0;78.7;75.3;3.4;49;45.3;3.7;60;12301;12002;299;12201;-1.7;92.1;130.3;2022-01-22;"ФК ГТС Коммунарского р-на";"вул. Жасмінна, 5";"газ"
127;136;0;0;0;75;71.8;3.2;46.8;45.5;1.3;58;11432;11047;385;11432;-3.5;83.3;132.7;2022-01-21;"ФК ГТС Коммунарского р-на";"вул. Жасмінна, 5";"газ"
105;66;0.1;0.1;0;62.2;0;62.2;49.4;0;49.4;60;4351;0;4351;0;0;0;0;2022-01-31;"ФК ГТС Коммунарского р-на";"вул. Дослідна станція, 78а";"газ"
105;61;0.1;0.1;0;58.3;53.3;5;46.9;39;7.9;60;4604;4273;331;4600;-7.7;0;0;2022-01-30;"ФК ГТС Коммунарского р-на";"вул. Дослідна станція, 78а";"газ"
105;63;0.1;0.1;0.1;56.4;51;5.4;45.6;38.8;6.8;60;4351;3982;369;4351;-9.3;0;0;2022-01-29;"ФК ГТС Коммунарского р-на";"вул. Дослідна станція, 78а";"газ"
105;65;0.1;0.1;0;63.1;55;8.1;50;41;9;60;4907;4521;386;4600;-1.7;0;0;2022-01-28;"ФК ГТС Коммунарского р-на";"вул. Дослідна станція, 78а";"газ"
105;65;0.1;0.1;0;69.8;60.3;9.5;54.2;43.5;10.7;60;5614;5150;464;5334;-3.6;31.9;161.3;2022-01-27;"ФК ГТС Коммунарского р-на";"вул. Дослідна станція, 78а";"газ"
105;65;0.1;0.1;0;69.4;61.8;7.6;54;44;10;60;5614;5301;313;5514;-4;0;0;2022-01-26;"ФК ГТС Коммунарского р-на";"вул. Дослідна станція, 78а";"газ"
105;66;0.1;0.1;0;70.3;59.3;11;54.6;43;11.6;60;5488;5117;371;5300;-3.6;31.4;162.8;2022-01-25;"ФК ГТС Коммунарского р-на";"вул. Дослідна станція, 78а";"газ"
105;67;0.1;0.1;0;65.6;59.5;6.1;51.6;43.3;8.3;60;5488;5132;356;5400;-5.2;31.9;160.8;2022-01-24;"ФК ГТС Коммунарского р-на";"вул. Дослідна станція, 78а";"газ"
105;66;0.1;0.1;0;64;60.3;3.7;50.6;44;6.6;60;5614;5185;429;5224;-0.8;32.4;160;2022-01-23;"ФК ГТС Коммунарского р-на";"вул. Дослідна станція, 78а";"газ"
105;66;0.1;0.1;0;63.8;60.1;3.7;50.5;43.8;6.7;60;5488;5189;299;5288;-1.9;32.2;161.3;2022-01-22;"ФК ГТС Коммунарского р-на";"вул. Дослідна станція, 78а";"газ"
105;61;0.1;0.1;0;59.8;56.5;3.3;47.8;42.5;5.3;60;5109;4589;520;5109;-11.3;28.3;162;2022-01-21;"ФК ГТС Коммунарского р-на";"вул. Дослідна станція, 78а";"газ"
530;555;2.4;1.8;1.3;71.3;67.3;4;46.9;45.4;1.5;59;30556;0;30556;0;0;285.6;0;2022-01-31;"ФК ГТС Днепровского р-на";"вул. Щаслива, 2а";"газ"
530;560.5;2.4;1.8;1.3;66.7;60.1;6.6;44.8;42;2.8;56;32587;32489;98;32587;-0.3;285.6;113.8;2022-01-30;"ФК ГТС Днепровского р-на";"вул. Щаслива, 2а";"газ"
530;559.8;2.4;1.8;1.3;64.6;59.3;5.3;43.8;42;1.8;57.3;30556;30522;34;30550;-0.1;285.6;106.9;2022-01-29;"ФК ГТС Днепровского р-на";"вул. Щаслива, 2а";"газ"
530;560.8;2.4;1.8;2;72.4;64.3;8.1;47.4;44.5;2.9;59.3;35024;34811;213;35000;-0.5;285.6;121.9;2022-01-28;"ФК ГТС Днепровского р-на";"вул. Щаслива, 2а";"газ"
530;558;2.4;1.8;1.3;80.3;69.6;10.7;50.9;46.8;4.1;59.5;40711;40803;-92;40850;-0.1;302.7;134.8;2022-01-27;"ФК ГТС Днепровского р-на";"вул. Щаслива, 2а";"газ"
530;558.8;2.4;1.8;1.3;79.8;68.4;11.4;50.8;46.8;4;60;40711;40671;40;40711;-0.1;285.6;142.4;2022-01-26;"ФК ГТС Днепровского р-на";"вул. Щаслива, 2а";"газ"
530;557;2.4;1.8;1.3;80.9;68.3;12.6;51.2;46.1;5.1;59.5;39696;39646;50;39696;-0.1;296.7;133.6;2022-01-25;"ФК ГТС Днепровского р-на";"вул. Щаслива, 2а";"газ"
530;556.8;2.4;1.8;1.3;75.4;68.8;6.6;48.8;46.5;2.3;60.3;39696;39509;187;40700;-3;292.2;135.2;2022-01-24;"ФК ГТС Днепровского р-на";"вул. Щаслива, 2а";"газ"
530;556.3;2.4;1.8;1.5;73.5;69.5;4;47.9;47;0.9;60;40711;40326;385;40400;-0.2;299.1;134.8;2022-01-23;"ФК ГТС Днепровского р-на";"вул. Щаслива, 2а";"газ"
530;554.5;2.4;1.8;1.3;73.2;69.3;3.9;47.8;46.9;0.9;60.3;39696;39549;147;39696;-0.4;292.5;135.2;2022-01-22;"ФК ГТС Днепровского р-на";"вул. Щаслива, 2а";"газ"
530;554;2.4;1.8;2;68.5;65.8;2.7;45.6;45.4;0.2;59;36649;36411;238;36600;-0.5;274.5;132.6;2022-01-21;"ФК ГТС Днепровского р-на";"вул. Щаслива, 2а";"газ"
1420;1467;7.4;6;7;75.3;71;4.3;46.4;43.3;3.1;60;123562;0;123562;0;0;1142.4;0;2022-01-31;"ФК ГТС Днепровского р-на";"вул. Товариська, 47";"газ"
1420;1478.3;7.4;6;7;70.1;63.4;6.7;44.1;40.4;3.7;59;130922;130483;439;130922;-0.3;1142.4;114.2;2022-01-30;"ФК ГТС Днепровского р-на";"вул. Товариська, 47";"газ"
1420;1473.3;7.4;6;7;67.5;61.4;6.1;43;40.1;2.9;59;123562;123513;49;123560;0;1142.4;108.1;2022-01-29;"ФК ГТС Днепровского р-на";"вул. Товариська, 47";"газ"
1420;1468.8;7.4;6;6;76.6;66.8;9.8;46.9;42;4.9;58;139755;137402;2353;139700;-1.7;1142.4;120.3;2022-01-28;"ФК ГТС Днепровского р-на";"вул. Товариська, 47";"газ"
1420;1463.5;7.4;6;6;85.8;73.2;12.6;50.7;44;6.7;58.3;160365;160092;273;160550;-0.3;1177.2;136;2022-01-27;"ФК ГТС Днепровского р-на";"вул. Товариська, 47";"газ"
1420;1466.3;7.4;6;6.9;85.2;72.8;12.4;50.4;43.8;6.6;60;160365;160145;220;160365;-0.1;1142.4;140.2;2022-01-26;"ФК ГТС Днепровского р-на";"вул. Товариська, 47";"газ"
1420;1467;7.4;6;7;86.5;71.6;14.9;51.1;43.4;7.7;60;156685;156622;63;156685;0;1153.8;135.7;2022-01-25;"ФК ГТС Днепровского р-на";"вул. Товариська, 47";"газ"
1420;1465;7.4;6;6.1;80.1;72.5;7.6;48.4;43.5;4.9;60;156685;156472;213;160300;-2.4;1147.8;136.3;2022-01-24;"ФК ГТС Днепровского р-на";"вул. Товариська, 47";"газ"
1420;1462.3;7.4;6;6;77.9;73.6;4.3;47.5;44;3.5;60;160365;162696;-2331;162751;0;1196.4;136;2022-01-23;"ФК ГТС Днепровского р-на";"вул. Товариська, 47";"газ"
1420;1462.5;7.4;6;7;77.6;73.5;4.1;47.3;43.4;3.9;60;156685;155233;1452;156685;-0.9;1141.9;135.9;2022-01-22;"ФК ГТС Днепровского р-на";"вул. Товариська, 47";"газ"
1420;1460.5;7.4;6;7;72.1;69.1;3;45;43.3;1.7;60.3;145644;145519;125;145600;-0.1;1073.4;135.6;2022-01-21;"ФК ГТС Днепровского р-на";"вул. Товариська, 47";"газ"
0;0;0;0;0.2;76.4;0;76.4;44.6;0;0;57;12500;0;12500;0;0;88.8;0;2022-01-31;"ФК ГТС Днепровского р-на";"вул. Хакаська, 4";"газ"
0;0;0;0;0.2;71.2;0;71.2;42.7;0;0;57;12500;12313;187;12500;-1.5;88.8;138.7;2022-01-30;"ФК ГТС Днепровского р-на";"вул. Хакаська, 4";"газ"
0;0;0;0;0.2;68.7;0;68.7;41.8;0;0;57.8;12500;12542;-42;12700;-1.3;88.8;141.2;2022-01-29;"ФК ГТС Днепровского р-на";"вул. Хакаська, 4";"газ"
0;0;0;0;0.2;77.6;0;77.6;45.1;0;0;58;12500;12816;-316;12900;-0.7;88.8;144.3;2022-01-28;"ФК ГТС Днепровского р-на";"вул. Хакаська, 4";"газ"
0;0;0;0;0.2;86.8;0;86.8;48.4;0;0;57.5;12500;12761;-261;12900;-1.1;94.8;134.6;2022-01-27;"ФК ГТС Днепровского р-на";"вул. Хакаська, 4";"газ"
0;0;0;0;0.2;86.3;0;86.3;48.2;0;0;57;12500;12466;34;12500;-0.3;88.8;140.4;2022-01-26;"ФК ГТС Днепровского р-на";"вул. Хакаська, 4";"газ"
0;0;0;0;0.2;87.6;0;87.6;48.7;0;0;57.3;12500;12695;-195;12700;0;92.1;137.8;2022-01-25;"ФК ГТС Днепровского р-на";"вул. Хакаська, 4";"газ"
0;0;0;0;0.2;81.1;0;81.1;46.3;0;0;57.3;12500;12691;-191;12700;-0.1;93.6;135.6;2022-01-24;"ФК ГТС Днепровского р-на";"вул. Хакаська, 4";"газ"
0;0;0;0;0.2;78.9;0;78.9;45.5;0;0;58;12500;12500;0;12500;0;92.7;134.8;2022-01-23;"ФК ГТС Днепровского р-на";"вул. Хакаська, 4";"газ"
0;0;0;0;0.2;78.6;0;78.6;45.4;0;0;57.8;12500;12477;23;12500;-0.2;92.3;135.3;2022-01-22;"ФК ГТС Днепровского р-на";"вул. Хакаська, 4";"газ"
0;0;0;0;0.2;73.2;0;73.2;43.5;0;0;58;12500;11804;696;12500;-5.9;87.3;135.2;2022-01-21;"ФК ГТС Днепровского р-на";"вул. Хакаська, 4";"газ"
295;290;0.5;0.3;0.6;62.2;58;4.2;49.4;47;2.4;60;10318;0;10318;0;0;90;0;2022-01-31;"ФК ГТС Днепровского р-на";"вул. Таганська, 1";"газ"
295;290.3;0.5;0.3;0.6;58.3;53;5.3;46.9;43;3.9;57;10960;10425;535;10960;-5.1;90;115.8;2022-01-30;"ФК ГТС Днепровского р-на";"вул. Таганська, 1";"газ"
295;288.8;0.5;0.3;0.6;56.5;51.3;5.2;45.6;42.3;3.3;57.5;10318;9910;408;10100;-1.9;90;110.1;2022-01-29;"ФК ГТС Днепровского р-на";"вул. Таганська, 1";"газ"
295;944.8;0.5;0.3;0.6;63.1;55.5;7.6;50;44.8;5.2;58.5;11729;10834;895;11600;-7.1;90;120.4;2022-01-28;"ФК ГТС Днепровского р-на";"вул. Таганська, 1";"газ"
295;290.3;0.5;0.3;0.6;69.8;60;9.8;54.3;48;6.3;58;13525;12545;980;12600;-0.4;92.1;136.2;2022-01-27;"ФК ГТС Днепровского р-на";"вул. Таганська, 1";"газ"
295;292.5;0.5;0.3;0.6;69.4;60;9.4;54;48;6;59;13525;12689;836;13525;-6.6;90;141;2022-01-26;"ФК ГТС Днепровского р-на";"вул. Таганська, 1";"газ"
295;291;0.5;0.3;0.6;70.3;59.3;11;54.6;47.5;7.1;60;13204;12483;721;13000;-4.1;91.8;136;2022-01-25;"ФК ГТС Днепровского р-на";"вул. Таганська, 1";"газ"
295;291.3;0.5;0.3;0.6;65.7;59.3;6.4;51.6;47.8;3.8;60;13204;12440;764;13500;-8.5;90.3;137.8;2022-01-24;"ФК ГТС Днепровского р-на";"вул. Таганська, 1";"газ"
295;291;0.5;0.3;0.6;64;60.5;3.5;50.6;48.5;2.1;60;13525;12814;711;12900;-0.7;94.5;135.6;2022-01-23;"ФК ГТС Днепровского р-на";"вул. Таганська, 1";"газ"
295;292.8;0.5;0.3;0.6;63.9;59.8;4.1;50.5;47.8;2.7;59.5;13204;12209;995;13200;-8.1;88.9;137.3;2022-01-22;"ФК ГТС Днепровского р-на";"вул. Таганська, 1";"газ"
295;292;0.5;0.3;0.6;59.8;57;2.8;47.8;46.5;1.3;60;12242;11430;812;11700;-2.4;83.7;136.6;2022-01-21;"ФК ГТС Днепровского р-на";"вул. Таганська, 1";"газ"
580;612;2.5;2.3;2;71.1;67;4.1;46.8;45;1.8;59;33223;0;33223;0;0;319.2;0;2022-01-31;"ФК ГТС Днепровского р-на";"вул. Дніпровське шосе,11";"газ"
580;615;2.5;2.3;2;66.6;61;5.6;44.7;42;2.7;56;35164;34846;318;35164;-0.9;319.2;109.2;2022-01-30;"ФК ГТС Днепровского р-на";"вул. Дніпровське шосе,11";"газ"
580;616.8;2.5;2.3;2;64.4;60.5;3.9;43.7;42.3;1.4;58.3;33223;33157;66;33220;-0.2;319.2;103.9;2022-01-29;"ФК ГТС Днепровского р-на";"вул. Дніпровське шосе,11";"газ"
580;622.3;2.5;2.3;2.7;72.2;63.7;8.5;47.3;41.7;5.6;51.7;37494;32511;4983;37500;-15.3;319.2;101.9;2022-01-28;"ФК ГТС Днепровского р-на";"вул. Дніпровське шосе,11";"газ"
580;611.3;2.5;2.3;2.3;80;69.7;10.3;50.8;46.7;4.1;58.5;42931;33146;9785;42700;-28.8;215.1;154.1;2022-01-27;"ФК ГТС Днепровского р-на";"вул. Дніпровське шосе,11";"газ"
580;612.5;2.5;2.3;2.8;79.6;69;10.6;50.6;46.5;4.1;60;42931;42817;114;42931;-0.3;319.2;134.1;2022-01-26;"ФК ГТС Днепровского р-на";"вул. Дніпровське шосе,11";"газ"
580;607.5;2.5;2.3;2.3;80.6;68.8;11.8;51;46.3;4.7;59.8;41960;41902;58;41960;-0.1;322.2;130;2022-01-25;"ФК ГТС Днепровского р-на";"вул. Дніпровське шосе,11";"газ"
580;610.3;2.5;2.3;2.3;75.1;68.5;6.6;48.6;45.8;2.8;60.5;41960;41959;1;43100;-2.7;314.7;133.3;2022-01-24;"ФК ГТС Днепровского р-на";"вул. Дніпровське шосе,11";"газ"
580;603.3;2.5;2.3;2;73.2;69.2;4;47.7;46.3;1.4;60;42931;41564;1367;41800;-0.6;314.1;132.3;2022-01-23;"ФК ГТС Днепровского р-на";"вул. Дніпровське шосе,11";"газ"
580;610.8;2.5;2.3;2;73;69;4;47.6;45.8;1.8;60.3;41960;40884;1076;41960;-2.6;306.6;133.3;2022-01-22;"ФК ГТС Днепровского р-на";"вул. Дніпровське шосе,11";"газ"
580;608.3;2.5;2.3;2;68.3;65;3.3;45.5;43.5;2;59.8;39048;39913;-865;40230;-0.8;305.1;130.8;2022-01-21;"ФК ГТС Днепровского р-на";"вул. Дніпровське шосе,11";"газ"
88;71;0.1;0.1;0.2;62.2;0;62.2;49.4;0;49.4;0;1999;0;1999;0;0;0;0;2022-01-31;"ФК ГТС Днепровского р-на";"вул. Правобережна, 50а";"газ"
88;70;0.1;0.1;0.2;58.3;53;5.3;46.9;43;3.9;0;2135;1989;146;2000;-0.6;0;0;2022-01-30;"ФК ГТС Днепровского р-на";"вул. Правобережна, 50а";"газ"
88;70;0.1;0.1;0.1;56.5;51;5.5;45.6;42;3.6;0;1999;1891;108;1950;-3.1;0;0;2022-01-29;"ФК ГТС Днепровского р-на";"вул. Правобережна, 50а";"газ"
88;71;0.1;0.1;0.2;63.1;55;8.1;50;46;4;0;2297;2127;170;2200;-3.4;0;0;2022-01-28;"ФК ГТС Днепровского р-на";"вул. Правобережна, 50а";"газ"
88;71;0.1;0.1;0.1;69.8;60;9.8;54.3;47;7.3;0;2678;2464;214;2500;-1.5;17;144.6;2022-01-27;"ФК ГТС Днепровского р-на";"вул. Правобережна, 50а";"газ"
88;71;0.1;0.1;0.1;69.4;60;9.4;54;49;5;0;2678;2485;193;2500;-0.6;0;0;2022-01-26;"ФК ГТС Днепровского р-на";"вул. Правобережна, 50а";"газ"
88;71;0.1;0.1;0.2;70.3;59;11.3;54.6;49;5.6;0;2610;2398;212;2610;-8.8;16.6;144.8;2022-01-25;"ФК ГТС Днепровского р-на";"вул. Правобережна, 50а";"газ"
88;70;0.1;0.1;0.1;65.7;59;6.7;51.6;49;2.6;0;2610;2476;134;2630;-6.2;17;145.3;2022-01-24;"ФК ГТС Днепровского р-на";"вул. Правобережна, 50а";"газ"
88;70;0.1;0.1;0.1;64;64;0;50.6;52;-1.4;0;2678;2604;74;2670;-2.5;18;144.7;2022-01-23;"ФК ГТС Днепровского р-на";"вул. Правобережна, 50а";"газ"
88;70;0.1;0.1;0.2;63.9;60;3.9;50.5;49;1.5;0;2610;2420;190;2500;-3.3;16.7;145.1;2022-01-22;"ФК ГТС Днепровского р-на";"вул. Правобережна, 50а";"газ"
88;70;0.1;0.1;0.2;59.8;56;3.8;47.8;47;0.8;0;2406;2117;289;2100;0.8;14.6;144.6;2022-01-21;"ФК ГТС Днепровского р-на";"вул. Правобережна, 50а";"газ"
1.4;5;0;0;0;50.5;0;50.5;37.7;0;37.7;0;228;0;228;0;0;0;0;2022-01-31;"ФК ГТС Днепровского р-на";"вул. Ленська, 4б (ДНЗ №32)";"уголь"
1.4;5;0;0;0;47.6;43;4.6;36.1;35;1.1;0;244;260;-16;0;0;0.5;0;2022-01-30;"ФК ГТС Днепровского р-на";"вул. Ленська, 4б (ДНЗ №32)";"уголь"
1.4;5;0;0;0;46.2;43;3.2;35.4;40;-4.6;0;228;270;-42;0;0;0.6;0;2022-01-29;"ФК ГТС Днепровского р-на";"вул. Ленська, 4б (ДНЗ №32)";"уголь"
1.4;5;0;0;0;51.2;44;7.2;38;33;5;0;263;270;-7;0;0;0.7;0;2022-01-28;"ФК ГТС Днепровского р-на";"вул. Ленська, 4б (ДНЗ №32)";"уголь"
1.4;5;0;0;0;56.1;48;8.1;40.6;36;4.6;0;308;300;8;0;0;0.8;0;2022-01-27;"ФК ГТС Днепровского р-на";"вул. Ленська, 4б (ДНЗ №32)";"уголь"
1.4;5;0;0;0;55.9;48;7.9;40.5;38;2.5;0;308;290;18;0;0;4.9;0;2022-01-26;"ФК ГТС Днепровского р-на";"вул. Ленська, 4б (ДНЗ №32)";"уголь"
1.4;5;0;0;0;56.5;51;5.5;40.8;48;-7.2;0;300;270;30;0;0;0.5;0;2022-01-25;"ФК ГТС Днепровского р-на";"вул. Ленська, 4б (ДНЗ №32)";"уголь"
1.4;5;0;0;0;53.1;49;4.1;39;36;3;0;300;270;30;0;0;0.6;0;2022-01-24;"ФК ГТС Днепровского р-на";"вул. Ленська, 4б (ДНЗ №32)";"уголь"
1.4;5;0;0;0;51.9;50;1.9;38.4;37;1.4;0;308;270;38;0;0;0.7;0;2022-01-23;"ФК ГТС Днепровского р-на";"вул. Ленська, 4б (ДНЗ №32)";"уголь"
1.4;5;0;0;0;51.7;48;3.7;38.3;37;1.3;0;300;230;70;0;0;0.6;0;2022-01-22;"ФК ГТС Днепровского р-на";"вул. Ленська, 4б (ДНЗ №32)";"уголь"
1.4;5;0;0;0;48.7;48;0.7;36.7;42;-5.3;0;276;250;26;0;0;0.4;0;2022-01-21;"ФК ГТС Днепровского р-на";"вул. Ленська, 4б (ДНЗ №32)";"уголь"
90;89;0.1;0;0;56.7;0;56.7;49;0;49;0;1852;0;1852;0;0;0;0;2022-01-31;"ФК ГТС Днепровского р-на";"вул. Істоміна, 12 (ЦРЛ)";"газ"
90;85;0.1;0;0;53.4;49;4.4;46.5;44;2.5;0;1966;1709;257;1800;-5.3;0;0;2022-01-30;"ФК ГТС Днепровского р-на";"вул. Істоміна, 12 (ЦРЛ)";"газ"
90;86;0.1;0;0;51.7;47;4.7;45.2;42;3.2;0;1852;1477;375;1800;-21.9;0;0;2022-01-29;"ФК ГТС Днепровского р-на";"вул. Істоміна, 12 (ЦРЛ)";"газ"
90;87;0.1;0;0;57.5;50;7.5;49.6;41;8.6;0;2102;1880;222;2000;-6.4;0;0;2022-01-28;"ФК ГТС Днепровского р-на";"вул. Істоміна, 12 (ЦРЛ)";"газ"
90;91;0.1;0;0;63.3;55;8.3;54;46;8;0;2420;2090;330;2100;-0.5;15.6;134;2022-01-27;"ФК ГТС Днепровского р-на";"вул. Істоміна, 12 (ЦРЛ)";"газ"
90;91;0.1;0;0;63;54;9;53.7;47;6.7;0;2420;1990;430;2100;-5.5;0;0;2022-01-26;"ФК ГТС Днепровского р-на";"вул. Істоміна, 12 (ЦРЛ)";"газ"
90;89;0.1;0;0;63.7;54;9.7;54.3;46;8.3;0;2363;1961;402;2363;-20.5;14.6;133.9;2022-01-25;"ФК ГТС Днепровского р-на";"вул. Істоміна, 12 (ЦРЛ)";"газ"
90;86;0.1;0;0;59.7;54;5.7;51.3;46;5.3;0;2363;2000;363;2200;-10;14.6;136.6;2022-01-24;"ФК ГТС Днепровского р-на";"вул. Істоміна, 12 (ЦРЛ)";"газ"
90;90;0.1;0;0;58.3;57;1.3;50.2;51;-0.8;0;2420;2093;327;2100;-0.3;15.6;134.2;2022-01-23;"ФК ГТС Днепровского р-на";"вул. Істоміна, 12 (ЦРЛ)";"газ"
90;91;0.1;0;0;58.1;55;3.1;50.1;46;4.1;0;2363;1943;420;2100;-8.1;14.3;136.1;2022-01-22;"ФК ГТС Днепровского р-на";"вул. Істоміна, 12 (ЦРЛ)";"газ"
90;90;0.1;0;0;54.6;53;1.6;47.5;46;1.5;0;2193;1857;336;1950;-5;13.7;135.7;2022-01-21;"ФК ГТС Днепровского р-на";"вул. Істоміна, 12 (ЦРЛ)";"газ"
45;0;0;0;0;54;0;54;48.8;0;48.8;0;1376;0;1376;0;0;0;0;2022-01-31;"ФК ГТС Днепровского р-на";"вул. Котельникова, 16 (школа-інтернат №1)";"уголь"
45;0;0;0;0;50.9;46;4.9;46.3;40;6.3;0;1443;1680;-237;0;0;4.1;0;2022-01-30;"ФК ГТС Днепровского р-на";"вул. Котельникова, 16 (школа-інтернат №1)";"уголь"
45;0;0;0;0;49.4;48;1.4;45;44;1;0;1376;1800;-424;0;0;4.2;0;2022-01-29;"ФК ГТС Днепровского р-на";"вул. Котельникова, 16 (школа-інтернат №1)";"уголь"
45;0;0;0;0;54.7;48;6.7;49.4;43;6.4;0;1524;1980;-456;0;0;5.6;0;2022-01-28;"ФК ГТС Днепровского р-на";"вул. Котельникова, 16 (школа-інтернат №1)";"уголь"
45;0;0;0;0;60;52;8;53.8;47;6.8;0;1714;2100;-386;0;0;5.2;0;2022-01-27;"ФК ГТС Днепровского р-на";"вул. Котельникова, 16 (школа-інтернат №1)";"уголь"
45;0;0;0;0;59.7;51;8.7;53.6;39;14.6;0;1714;1920;-206;0;0;0;0;2022-01-26;"ФК ГТС Днепровского р-на";"вул. Котельникова, 16 (школа-інтернат №1)";"уголь"
45;0;0;0;0;60.4;54;6.4;54.2;50;4.2;0;1680;1800;-120;0;0;4.5;0;2022-01-25;"ФК ГТС Днепровского р-на";"вул. Котельникова, 16 (школа-інтернат №1)";"уголь"
45;0;0;0;0;56.7;53;3.7;51.1;47;4.1;0;1680;1980;-300;0;0;5;0;2022-01-24;"ФК ГТС Днепровского р-на";"вул. Котельникова, 16 (школа-інтернат №1)";"уголь"
45;0;0;0;0;55.4;54;1.4;50;48;2;0;1714;1860;-146;0;0;4.2;0;2022-01-23;"ФК ГТС Днепровского р-на";"вул. Котельникова, 16 (школа-інтернат №1)";"уголь"
45;0;0;0;0;55.3;52;3.3;49.9;46;3.9;0;1680;1440;240;0;0;4;0;2022-01-22;"ФК ГТС Днепровского р-на";"вул. Котельникова, 16 (школа-інтернат №1)";"уголь"
45;0;0;0;0;52.1;50;2.1;47.3;47;0.3;0;1578;1800;-222;0;0;5.1;0;2022-01-21;"ФК ГТС Днепровского р-на";"вул. Котельникова, 16 (школа-інтернат №1)";"уголь"
3750;3825;52.4;37.8;44;72.5;70.4;2.1;47.7;48.2;-0.5;58;229906;0;229906;0;0;2094;0;2022-01-31;"ФК ГТС Вознесеновского р-на";"вул. Адмірала Нахімова, 4";"газ"
3750;3897.8;52.4;37.8;49.8;67.9;62.7;5.2;45.6;44.5;1.1;58;236833;233590;3243;236000;-1;2094;111.6;2022-01-30;"ФК ГТС Вознесеновского р-на";"вул. Адмірала Нахімова, 4";"газ"
3750;3864.3;52.4;37.8;50;65.8;62.9;2.9;44.6;44.9;-0.3;58;229906;229123;783;229906;-0.3;2094;109.4;2022-01-29;"ФК ГТС Вознесеновского р-на";"вул. Адмірала Нахімова, 4";"газ"
3750;3850;52.4;37.8;49.3;73.5;65.1;8.4;48.2;45.8;2.4;58;253458;245575;7883;253458;-3.2;2094;117.3;2022-01-28;"ФК ГТС Вознесеновского р-на";"вул. Адмірала Нахімова, 4";"газ"
3750;3846.8;52.4;37.8;45.3;81.1;69.7;11.4;51.5;47.8;3.7;58;292249;278836;13413;279000;-0.1;2096.1;133;2022-01-27;"ФК ГТС Вознесеновского р-на";"вул. Адмірала Нахімова, 4";"газ"
3750;3852.3;52.4;37.8;44.3;80.6;69.7;10.9;51.2;47.7;3.5;58;292249;277891;14358;278500;-0.2;2094;132.7;2022-01-26;"ФК ГТС Вознесеновского р-на";"вул. Адмірала Нахімова, 4";"газ"
3750;3838;52.4;37.8;43;81.7;70.4;11.3;51.8;48.1;3.7;58;285322;281716;3606;285322;-1.3;2118;133;2022-01-25;"ФК ГТС Вознесеновского р-на";"вул. Адмірала Нахімова, 4";"газ"
3750;3811.8;52.4;37.8;41.5;76.2;70.5;5.7;49.2;47.9;1.3;58;285322;278903;6419;292249;-4.8;2051.7;135.9;2022-01-24;"ФК ГТС Вознесеновского р-на";"вул. Адмірала Нахімова, 4";"газ"
3750;3800;52.4;37.8;39;74.6;71;3.6;48.6;48.3;0.3;58;292249;283078;9171;292249;-3.2;2128.2;133;2022-01-23;"ФК ГТС Вознесеновского р-на";"вул. Адмірала Нахімова, 4";"газ"
3750;3799.3;52.4;37.8;37.3;74.3;70.5;3.8;48.5;48.1;0.4;58;285322;273160;12162;271000;0.8;2054.1;133;2022-01-22;"ФК ГТС Вознесеновского р-на";"вул. Адмірала Нахімова, 4";"газ"
3750;3719.3;52.4;37.8;40.4;69.6;67;2.6;46.3;46.8;-0.5;58;264541;250788;13753;264541;-5.5;1885.8;133;2022-01-21;"ФК ГТС Вознесеновского р-на";"вул. Адмірала Нахімова, 4";"газ"
1430;1459;11.2;7.5;11;71.7;68.5;3.2;47.2;44.5;2.7;59;103755;0;103755;0;0;958.8;0;2022-01-31;"ФК ГТС Вознесеновского р-на";"пр. Металургів, 32";"газ"
1430;1443.8;11.2;7.5;10.5;66.7;61;5.7;44.8;41;3.8;57.5;109604;108343;1261;109604;-1.2;958.8;113;2022-01-30;"ФК ГТС Вознесеновского р-на";"пр. Металургів, 32";"газ"
1430;1445.5;11.2;7.5;11.7;64.3;59.4;4.9;43.6;40.7;2.9;58;103755;103677;78;103755;-0.1;958.8;108.1;2022-01-29;"ФК ГТС Вознесеновского р-на";"пр. Металургів, 32";"газ"
1430;1456.5;11.2;7.5;11;72.9;63.6;9.3;47.8;42.7;5.1;58;116624;114177;2447;116624;-2.1;958.8;119.1;2022-01-28;"ФК ГТС Вознесеновского р-на";"пр. Металургів, 32";"газ"
1430;1463.5;11.2;7.5;10.5;81.2;69.5;11.7;51.6;45;6.6;59.3;133003;130411;2592;131000;-0.5;987;132.1;2022-01-27;"ФК ГТС Вознесеновского р-на";"пр. Металургів, 32";"газ"
1430;1462;11.2;7.5;10.5;80.7;69.5;11.2;51.3;44.9;6.4;59;133003;130254;2749;131000;-0.6;958.8;135.9;2022-01-26;"ФК ГТС Вознесеновского р-на";"пр. Металургів, 32";"газ"
1430;1463.8;11.2;7.5;11;82;68.5;13.5;51.9;44.5;7.4;59.3;130078;127985;2093;130078;-1.6;975.3;131.2;2022-01-25;"ФК ГТС Вознесеновского р-на";"пр. Металургів, 32";"газ"
1430;1461.3;11.2;7.5;10.5;75.8;69.5;6.3;49;45.2;3.8;59;130078;129765;313;133003;-2.5;984.9;131.8;2022-01-24;"ФК ГТС Вознесеновского р-на";"пр. Металургів, 32";"газ"
1430;1459.8;11.2;7.5;10.8;74;70.3;3.7;48.3;45.9;2.4;60;133003;129494;3509;133003;-2.7;976.5;132.6;2022-01-23;"ФК ГТС Вознесеновского р-на";"пр. Металургів, 32";"газ"
1430;1456.3;11.2;7.5;11.3;73.8;70.1;3.7;48.2;45.3;2.9;60;130078;128880;1198;128300;0.5;980.7;131.4;2022-01-22;"ФК ГТС Вознесеновского р-на";"пр. Металургів, 32";"газ"
1430;1460.3;11.2;7.5;12;68.6;66.2;2.4;45.6;43.9;1.7;59.8;121304;118752;2552;121304;-2.1;902.1;131.6;2022-01-21;"ФК ГТС Вознесеновского р-на";"пр. Металургів, 32";"газ"
98.1;97;0.1;0.1;0;62.2;0;62.2;49.4;0;49.4;57;3230;0;3230;0;0;0;0;2022-01-31;"ФК ГТС Вознесеновского р-на";"вул. Наукове містечко, 52";"газ"
98.1;96;0.1;0.1;0.1;58.3;52.2;6.1;46.9;40.6;6.3;57.1;3440;3295;145;3440;-4.4;0;0;2022-01-30;"ФК ГТС Вознесеновского р-на";"вул. Наукове містечко, 52";"газ"
98.1;94;0.1;0.1;0;56.5;0;56.5;45.6;0;45.6;0;3230;3007;223;3230;-7.4;0;0;2022-01-29;"ФК ГТС Вознесеновского р-на";"вул. Наукове містечко, 52";"газ"
98.1;94;0.1;0.1;0.1;63.1;55.7;7.4;50;43.8;6.2;61.2;3692;3658;34;3692;-0.9;0;0;2022-01-28;"ФК ГТС Вознесеновского р-на";"вул. Наукове містечко, 52";"газ"
98.1;96;0.1;0.1;0.1;69.8;59.9;9.9;54.3;45.2;9.1;58.5;4279;4195;84;4250;-1.3;28.8;145.7;2022-01-27;"ФК ГТС Вознесеновского р-на";"вул. Наукове містечко, 52";"газ"
98.1;98;0.1;0.1;0.1;69.4;59.9;9.5;54;46.5;7.5;58.1;4279;4213;66;4270;-1.4;0;0;2022-01-26;"ФК ГТС Вознесеновского р-на";"вул. Наукове містечко, 52";"газ"
98.1;97;0.1;0.1;0.1;70.3;59.3;11;54.6;44.7;9.9;54.1;4174;4158;16;4174;-0.4;28.8;144.4;2022-01-25;"ФК ГТС Вознесеновского р-на";"вул. Наукове містечко, 52";"газ"
98.1;98;0.1;0.1;0.1;65.7;59.3;6.4;51.6;46.3;5.3;57;4174;4140;34;4279;-3.4;28.8;143.8;2022-01-24;"ФК ГТС Вознесеновского р-на";"вул. Наукове містечко, 52";"газ"
98.1;96;0.1;0.1;0.1;64;60.3;3.7;50.6;45.6;5;57.8;4279;4253;26;4279;-0.6;28.8;147.7;2022-01-23;"ФК ГТС Вознесеновского р-на";"вул. Наукове містечко, 52";"газ"
98.1;96;0.1;0.1;0.1;63.9;60;3.9;50.5;46.2;4.3;59;4174;4061;113;4100;-1;28.8;141;2022-01-22;"ФК ГТС Вознесеновского р-на";"вул. Наукове містечко, 52";"газ"
98.1;96;0.1;0.1;0.1;59.8;57.3;2.5;47.8;44.1;3.7;57.5;3859;3793;66;3859;-1.7;26.4;143.7;2022-01-21;"ФК ГТС Вознесеновского р-на";"вул. Наукове містечко, 52";"газ"
2415;2384;8.9;7.5;15.5;75;70.5;4.5;46.3;41;5.3;60;228069;0;228069;0;0;1868.4;0;2022-01-31;"ФК ГТС Хортицкого р-на";"вул. В.Сергієнка, 7";"газ"
2415;2483.5;8.9;7.5;8.1;69.8;63.6;6.2;44.1;39;5.1;60;222893;222121;772;222893;-0.3;1868.4;118.9;2022-01-30;"ФК ГТС Хортицкого р-на";"вул. В.Сергієнка, 7";"газ"
2415;2469;8.9;7.5;9.1;67.3;61.8;5.5;43;38.5;4.5;60;210910;206200;210000;210000;-1.8;1868.4;110.4;2022-01-29;"ФК ГТС Хортицкого р-на";"вул. В.Сергієнка, 7";"газ"
2415;2477;8.9;7.5;9.4;76.3;68.3;8;46.8;41.1;5.7;60;237248;237198;50;237248;0;1868.4;127;2022-01-28;"ФК ГТС Хортицкого р-на";"вул. В.Сергієнка, 7";"газ"
2415;2390;8.9;7.5;7.7;85.3;75.5;9.8;50.5;43;7.5;60;271493;271086;407;271493;-0.2;2042.1;132.7;2022-01-27;"ФК ГТС Хортицкого р-на";"вул. В.Сергієнка, 7";"газ"
2415;2409.3;8.9;7.5;8.9;84.8;73.8;11;50.3;41.8;8.5;60;271213;270729;484;271213;-0.2;1868.4;144.9;2022-01-26;"ФК ГТС Хортицкого р-на";"вул. В.Сергієнка, 7";"газ"
2415;2383;8.9;7.5;15.4;86;71.1;14.9;50.8;41.3;9.5;59.5;264974;264767;207;264974;-0.1;1909.5;138.7;2022-01-25;"ФК ГТС Хортицкого р-на";"вул. В.Сергієнка, 7";"газ"
2415;2420;8.9;7.5;13.5;79.7;73.4;6.3;48.3;42.5;5.8;60;264627;264600;27;270740;-2.3;1978.2;133.8;2022-01-24;"ФК ГТС Хортицкого р-на";"вул. В.Сергієнка, 7";"газ"
2415;2428;8.9;7.5;8.3;77.5;74;3.5;47.3;43.3;4;59.8;270878;270774;104;270878;0;2043.6;132.5;2022-01-23;"ФК ГТС Хортицкого р-на";"вул. В.Сергієнка, 7";"газ"
2415;2454;8.9;7.5;8.6;77.3;73.4;3.9;47.2;42.8;4.4;60;264722;264417;305;264722;-0.1;1997.4;132.4;2022-01-22;"ФК ГТС Хортицкого р-на";"вул. В.Сергієнка, 7";"газ"
2415;2452;8.9;7.5;7.8;71.8;68.1;3.7;45;41.3;3.7;60;245741;230905;14836;245000;-6.1;1767.6;130.6;2022-01-21;"ФК ГТС Хортицкого р-на";"вул. В.Сергієнка, 7";"газ"
0;0;0;0;0;56.5;61.4;-4.9;46.3;47.8;-1.5;55.8;488;0;488;0;0;0;0;2022-01-31;"ФК ГТС Хортицкого р-на";"вул. Хортицьке шосе, 4 (дахова)";"газ"
0;0;0;0;0;53.2;47.4;5.8;44;39.5;4.5;55.8;514;514;0;514;0;0;0;2022-01-30;"ФК ГТС Хортицкого р-на";"вул. Хортицьке шосе, 4 (дахова)";"газ"
0;0;0;0;0;51.5;46.1;5.4;42.9;38.7;4.2;56;488;480;8;487;-1.5;0;0;2022-01-29;"ФК ГТС Хортицкого р-на";"вул. Хортицьке шосе, 4 (дахова)";"газ"
0;0;0;0;0;57.3;46;11.3;46.8;38.8;8;55.6;545;487;58;545;-11.9;0;0;2022-01-28;"ФК ГТС Хортицкого р-на";"вул. Хортицьке шосе, 4 (дахова)";"газ"
0;0;0;0;0;63.1;55.8;7.3;50.7;45.9;4.8;55.7;618;620;-2;618;0.3;4.1;152.7;2022-01-27;"ФК ГТС Хортицкого р-на";"вул. Хортицьке шосе, 4 (дахова)";"газ"
0;0;0;0;0;62.8;56;6.8;50.5;44.7;5.8;55;618;626;-8;618;1.3;0;0;2022-01-26;"ФК ГТС Хортицкого р-на";"вул. Хортицьке шосе, 4 (дахова)";"газ"
0;0;0;0;0;63.6;68.7;-5.1;51;46.5;4.5;55.8;605;667;-62;605;9.3;4.3;154.4;2022-01-25;"ФК ГТС Хортицкого р-на";"вул. Хортицьке шосе, 4 (дахова)";"газ"
0;0;0;0;0;59.5;59;0.5;48.3;46.5;1.8;56.1;605;663;-58;618;6.8;4.4;151.7;2022-01-24;"ФК ГТС Хортицкого р-на";"вул. Хортицьке шосе, 4 (дахова)";"газ"
0;0;0;0;0;58.1;54.2;3.9;47.4;43.4;4;55.5;618;623;-5;618;0.8;4;154.6;2022-01-23;"ФК ГТС Хортицкого р-на";"вул. Хортицьке шосе, 4 (дахова)";"газ"
0;0;0;0;0;58;50.9;7.1;47.2;41.6;5.6;56;605;547;58;605;-10.6;3.6;152.8;2022-01-22;"ФК ГТС Хортицкого р-на";"вул. Хортицьке шосе, 4 (дахова)";"газ"
0;0;0;0;0;54.5;51.1;3.4;44.9;41.7;3.2;56;566;547;19;565;-3.3;3.6;151.9;2022-01-21;"ФК ГТС Хортицкого р-на";"вул. Хортицьке шосе, 4 (дахова)";"газ"
860;947;3.1;2.1;2.2;76.4;72.6;3.8;41.4;39.6;1.8;59;87639;0;87639;0;0;838.8;0;2022-01-31;"ФК ГТС Шевченковского р-на";"вул. Цитрусова, 9";"газ"
860;939.3;3.1;2.1;2;71.1;63.6;7.5;39.7;36.8;2.9;59;84444;84099;345;84444;-0.4;838.8;100.3;2022-01-30;"ФК ГТС Шевченковского р-на";"вул. Цитрусова, 9";"газ"
860;936.8;3.1;2.1;2.3;68.5;61.3;7.2;38.9;36.4;2.5;59.8;79922;79675;247;79922;-0.3;838.8;95;2022-01-29;"ФК ГТС Шевченковского р-на";"вул. Цитрусова, 9";"газ"
860;937.3;3.1;2.1;2.7;77.8;67.2;10.6;41.9;39.4;2.5;58;91161;87372;3789;87500;-0.1;838.8;104.2;2022-01-28;"ФК ГТС Шевченковского р-на";"вул. Цитрусова, 9";"газ"
860;939.3;3.1;2.1;2.4;88.1;74.5;13.6;45.7;41.6;4.1;58.8;104295;104219;76;104295;-0.1;855.9;121.8;2022-01-27;"ФК ГТС Шевченковского р-на";"вул. Цитрусова, 9";"газ"
860;943.3;3.1;2.1;2.5;87.5;74.3;13.2;45.5;40.2;5.3;59;104465;104303;162;104465;-0.2;838.8;124.3;2022-01-26;"ФК ГТС Шевченковского р-на";"вул. Цитрусова, 9";"газ"
860;945.8;3.1;2.1;2.6;88.9;72.6;16.3;46;39.7;6.3;59.5;101852;100371;1481;101852;-1.5;829.2;121;2022-01-25;"ФК ГТС Шевченковского р-на";"вул. Цитрусова, 9";"газ"
860;932.3;3.1;2.1;2.7;81.5;74.3;7.2;43.2;40.5;2.7;59.3;101572;101568;4;103991;-2.4;843.9;120.4;2022-01-24;"ФК ГТС Шевченковского р-на";"вул. Цитрусова, 9";"газ"
860;932;3.1;2.1;2.6;79.1;74.6;4.5;42.3;42.8;-0.5;59.5;106239;103909;2330;104878;-0.9;865.8;120;2022-01-23;"ФК ГТС Шевченковского р-на";"вул. Цитрусова, 9";"газ"
860;927.3;3.1;2.1;2;78.8;73.4;5.4;42.2;39.9;2.3;59;102459;102297;162;102459;-0.2;792.9;129;2022-01-22;"ФК ГТС Шевченковского р-на";"вул. Цитрусова, 9";"газ"
860;937;3.1;2.1;3;73;69.7;3.3;40.3;39.6;0.7;58.5;95008;92967;2041;95008;-2.2;766.2;121.3;2022-01-21;"ФК ГТС Шевченковского р-на";"вул. Цитрусова, 9";"газ"
410;253;1.6;1.6;3.6;76.7;71;5.7;47.2;40;7.2;60;33400;0;33400;0;0;213.6;0;2022-01-31;"ФК ГТС Шевченковского р-на";"вул. К.-Карого, 21б";"газ"
410;433.5;1.6;1.6;2;71.2;64.8;6.4;44.9;40;4.9;60;35477;35067;410;35477;-1.2;213.6;164.2;2022-01-30;"ФК ГТС Шевченковского р-на";"вул. К.-Карого, 21б";"газ"
410;432.5;1.6;1.6;2.2;68.6;62.5;6.1;43.7;40;3.7;59.5;33400;32690;710;33400;-2.2;213.6;153;2022-01-29;"ФК ГТС Шевченковского р-на";"вул. К.-Карого, 21б";"газ"
410;429;1.6;1.6;2.1;78;68.8;9.2;47.8;42.5;5.3;60;37971;37531;440;37971;-1.2;213.6;175.7;2022-01-28;"ФК ГТС Шевченковского р-на";"вул. К.-Карого, 21б";"газ"
410;431.5;1.6;1.6;2;87.4;75.5;11.9;51.7;45;6.7;59.8;43788;43242;546;43788;-1.3;340.5;127;2022-01-27;"ФК ГТС Шевченковского р-на";"вул. К.-Карого, 21б";"газ"
410;427.5;1.6;1.6;2.8;86.9;75.3;11.6;51.5;44;7.5;60;43788;43653;135;43788;-0.3;213.6;204.4;2022-01-26;"ФК ГТС Шевченковского р-на";"вул. К.-Карого, 21б";"газ"
410;332.5;1.6;1.6;5;88.1;68.8;19.3;52;41.5;10.5;59.8;42749;33108;9641;42749;-29.1;257.7;128.5;2022-01-25;"ФК ГТС Шевченковского р-на";"вул. К.-Карого, 21б";"газ"
410;406.3;1.6;1.6;4;81.5;74.5;7;49.3;43.5;5.8;60;42749;40892;1857;42500;-3.9;326.2;125.4;2022-01-24;"ФК ГТС Шевченковского р-на";"вул. К.-Карого, 21б";"газ"
410;407.5;1.6;1.6;3.9;79.2;76.3;2.9;48.3;44.3;4;59.8;43788;42646;1142;43468;-1.9;337.2;126.5;2022-01-23;"ФК ГТС Шевченковского р-на";"вул. К.-Карого, 21б";"газ"
410;404;1.6;1.6;4.9;79;75;4;48.2;43.3;4.9;60;42749;42110;639;42749;-1.5;331.5;127;2022-01-22;"ФК ГТС Шевченковского р-на";"вул. К.-Карого, 21б";"газ"
410;407.5;1.6;1.6;5.6;73.3;70;3.3;45.8;41.8;4;59.8;39633;37648;1985;39633;-5.3;301.8;124.7;2022-01-21;"ФК ГТС Шевченковского р-на";"вул. К.-Карого, 21б";"газ"
231;220;0.2;0.1;0.4;67.7;0;67.7;49.8;0;49.8;59.9;12674;0;12674;0;0;0;0;2022-01-31;"ФК ГТС Шевченковского р-на";"вул. Військбуд, 124б";"газ"
231;217;0.2;0.1;0.1;63.3;57.7;5.6;47.3;39.5;7.8;59.9;13440;13186;254;13440;-1.9;0;0;2022-01-30;"ФК ГТС Шевченковского р-на";"вул. Військбуд, 124б";"газ"
231;215;0.2;0.1;0.1;61.4;57.2;4.2;46.2;39.2;7;59;12674;12239;435;12674;-3.6;0;0;2022-01-29;"ФК ГТС Шевченковского р-на";"вул. Військбуд, 124б";"газ"
231;225;0.2;0.1;0.1;68.8;60;8.8;50.4;40.1;10.3;59;14360;13543;817;14360;-6;0;0;2022-01-28;"ФК ГТС Шевченковского р-на";"вул. Військбуд, 124б";"газ"
231;225;0.2;0.1;0.2;76.3;66;10.3;54.6;44;10.6;60;16507;16290;217;16507;-1.3;123.1;132.3;2022-01-27;"ФК ГТС Шевченковского р-на";"вул. Військбуд, 124б";"газ"
231;225;0.2;0.1;0.1;75.9;66;9.9;54.4;43.5;10.9;60;16507;16162;345;16400;-1.5;0;0;2022-01-26;"ФК ГТС Шевченковского р-на";"вул. Військбуд, 124б";"газ"
231;220;0.2;0.1;0.4;76.9;64.8;12.1;55;42.9;12.1;59.9;16123;15849;274;16123;-1.7;123.1;128.7;2022-01-25;"ФК ГТС Шевченковского р-на";"вул. Військбуд, 124б";"газ"
231;220;0.2;0.1;0.2;71.6;64.8;6.8;52;42.6;9.4;60;16123;15697;426;16507;-5.2;112.3;139.8;2022-01-24;"ФК ГТС Шевченковского р-на";"вул. Військбуд, 124б";"газ"
231;216;0.2;0.1;0.1;69.8;65.8;4;50.9;43.4;7.5;59.9;16507;16136;371;16507;-2.3;123.6;130.6;2022-01-23;"ФК ГТС Шевченковского р-на";"вул. Військбуд, 124б";"газ"
231;216;0.2;0.1;0.2;69.6;65.5;4.1;50.8;43.8;7;60;16123;15015;1108;16050;-6.9;117.4;127.9;2022-01-22;"ФК ГТС Шевченковского р-на";"вул. Військбуд, 124б";"газ"
231;230;0.2;0.1;0.1;65;61.9;3.1;48.2;42;6.2;59.9;14974;13939;1035;14974;-7.4;0;0;2022-01-21;"ФК ГТС Шевченковского р-на";"вул. Військбуд, 124б";"газ"
111;109;0.3;0.1;0.3;62.2;0;62.2;49.4;0;49.4;0;3800;0;3800;0;0;0;0;2022-01-31;"ФК ГТС Шевченковского р-на";"пров. Зустрічний, 10";"газ"
111;107;0.3;0.1;3;58.3;53;5.3;46.8;41.8;5;0;4038;4025;13;4038;-0.3;0;0;2022-01-30;"ФК ГТС Шевченковского р-на";"пров. Зустрічний, 10";"газ"
111;107;0.3;0.1;0.3;56.6;51.8;4.8;45.8;41.5;4.3;0;3800;3785;15;3800;-0.4;0;0;2022-01-29;"ФК ГТС Шевченковского р-на";"пров. Зустрічний, 10";"газ"
111;107;0.3;0.1;0.3;63.1;56.2;6.9;50;44.4;5.6;0;4324;4198;126;4324;-3;0;0;2022-01-28;"ФК ГТС Шевченковского р-на";"пров. Зустрічний, 10";"газ"
111;106;0.3;0.1;0.3;69.8;60.2;9.6;54.2;46.8;7.4;0;4991;4916;75;4991;-1.5;34.6;142.2;2022-01-27;"ФК ГТС Шевченковского р-на";"пров. Зустрічний, 10";"газ"
111;109;0.3;0.1;0.2;69.4;61.3;8.1;54;47.5;6.5;0;4991;4988;3;4991;-0.1;0;0;2022-01-26;"ФК ГТС Шевченковского р-на";"пров. Зустрічний, 10";"газ"
111;109;0.3;0.1;0.3;70.3;59.3;11;54.6;41.2;13.4;0;4872;4850;22;4872;-0.5;34.1;142.3;2022-01-25;"ФК ГТС Шевченковского р-на";"пров. Зустрічний, 10";"газ"
111;107;0.3;0.1;0;65.6;59.4;6.2;51.6;46.1;5.5;0;4872;4882;-10;4991;-2.2;34.8;140.3;2022-01-24;"ФК ГТС Шевченковского р-на";"пров. Зустрічний, 10";"газ"
111;106;0.3;0.1;0.3;64;59.2;4.8;50.6;46.2;4.4;0;4991;4942;49;4991;-1;33.6;147.1;2022-01-23;"ФК ГТС Шевченковского р-на";"пров. Зустрічний, 10";"газ"
111;108;0.3;0.1;0.3;63.8;60;3.8;50.5;46.8;3.7;0;4872;4761;111;4872;-2.3;33.6;141.7;2022-01-22;"ФК ГТС Шевченковского р-на";"пров. Зустрічний, 10";"газ"
111;108;0.3;0.1;0.2;59;55.4;3.6;47.3;44.1;3.2;0;4514;4237;277;4514;-6.5;0;0;2022-01-21;"ФК ГТС Шевченковского р-на";"пров. Зустрічний, 10";"газ"
