"filia";"for_what";"limit";"fact";"deviation";"date"
"ФК \МТМ\ Олександрівського району";"виробництво тепла";8558;8622.77;0.756835709277914;"2022-01-03"
"ФК \МТМ\ Олександрівського району";"транспортування тепла";43532.7455583652;43597;0.147600250824187;"2022-01-03"
"ФК \МТМ\ Олександрівського району";"загальновиробничі";208;208;0;"2022-01-03"
"ФК \МТМ\ Заводського району";"виробництво тепла";5356;5435.63;1.48674383868557;"2022-01-03"
"ФК \МТМ\ Заводського району";"транспортування тепла";10123;10190;0.661859132668186;"2022-01-03"
"ФК \МТМ\ Заводського району";"загальновиробничі";522;522;0;"2022-01-03"
"ФК \МТМ\ Комунарського району";"виробництво тепла";12334;12429.4;0.773471704232187;"2022-01-03"
"ФК \МТМ\ Комунарського району";"транспортування тепла";15672;16145;3.0181214905564;"2022-01-03"
"ФК \МТМ\ Комунарського району";"загальновиробничі";552;522;-5.43478260869565;"2022-01-03"
"ФК \МТМ\ Дніпровського району";"виробництво тепла";9662;10042.8;3.94121299937904;"2022-01-03"
"ФК \МТМ\ Дніпровського району";"транспортування тепла";39076;40190;2.85085474460027;"2022-01-03"
"ФК \МТМ\ Дніпровського району";"загальновиробничі";260;260;0;"2022-01-03"
"ФК \МТМ\ Вознесенівського району";"виробництво тепла";17018;17639.19;3.65019391232797;"2022-01-03"
"ФК \МТМ\ Вознесенівського району";"транспортування тепла";65132;66456;2.03279493950745;"2022-01-03"
"ФК \МТМ\ Вознесенівського району";"загальновиробничі";358;358;0;"2022-01-03"
"ФК \МТМ\ Хортицького району";"виробництво тепла";9378;9683;3.25229259970143;"2022-01-03"
"ФК \МТМ\ Хортицького району";"транспортування тепла";29974;30963;3.2995262560886;"2022-01-03"
"ФК \МТМ\ Хортицького району";"загальновиробничі";456;456;0;"2022-01-03"
"ФК \МТМ\ Шевченківського район";"виробництво тепла";6962;7073.99999999997;1.60873312266554;"2022-01-03"
"ФК \МТМ\ Шевченківського район";"транспортування тепла";21826;21892;0.302391642994593;"2022-01-03"
"ФК \МТМ\ Шевченківського район";"загальновиробничі";265;265;0;"2022-01-03"
"ФК \МТМ\ Олександрівського району";"виробництво тепла";6910;6950.2;0.581765557163494;"2022-01-04"
"ФК \МТМ\ Олександрівського району";"транспортування тепла";43532.7455583652;43597;0.147600250824187;"2022-01-04"
"ФК \МТМ\ Олександрівського району";"загальновиробничі";208;208;0;"2022-01-04"
"ФК \МТМ\ Заводського району";"виробництво тепла";5356;5398.54;0.79424943988049;"2022-01-04"
"ФК \МТМ\ Заводського району";"транспортування тепла";10123;10190;0.661859132668186;"2022-01-04"
"ФК \МТМ\ Заводського району";"загальновиробничі";522;522;0;"2022-01-04"
"ФК \МТМ\ Комунарського району";"виробництво тепла";12334;12496.6;1.31830711853411;"2022-01-04"
"ФК \МТМ\ Комунарського району";"транспортування тепла";15672;16145;3.0181214905564;"2022-01-04"
"ФК \МТМ\ Комунарського району";"загальновиробничі";552;522;-5.43478260869565;"2022-01-04"
"ФК \МТМ\ Дніпровського району";"виробництво тепла";9662;9815.60000000001;1.5897329745395;"2022-01-04"
"ФК \МТМ\ Дніпровського району";"транспортування тепла";39076;40190;2.85085474460027;"2022-01-04"
"ФК \МТМ\ Дніпровського району";"загальновиробничі";260;260;0;"2022-01-04"
"ФК \МТМ\ Вознесенівського району";"виробництво тепла";15034;15192.83;1.05647199680725;"2022-01-04"
"ФК \МТМ\ Вознесенівського району";"транспортування тепла";65132;66456;2.03279493950745;"2022-01-04"
"ФК \МТМ\ Вознесенівського району";"загальновиробничі";358;358;0;"2022-01-04"
"ФК \МТМ\ Хортицького району";"виробництво тепла";7978;8083;1.31611932815241;"2022-01-04"
"ФК \МТМ\ Хортицького району";"транспортування тепла";29974;30963;3.2995262560886;"2022-01-04"
"ФК \МТМ\ Хортицького району";"загальновиробничі";456;456;0;"2022-01-04"
"ФК \МТМ\ Шевченківського район";"виробництво тепла";6335;6408.00000000023;1.15232833465233;"2022-01-04"
"ФК \МТМ\ Шевченківського район";"транспортування тепла";21826;21892;0.302391642994593;"2022-01-04"
"ФК \МТМ\ Шевченківського район";"загальновиробничі";265;265;0;"2022-01-04"
"ФК \МТМ\ Олександрівського району";"виробництво тепла";6372;6394.4;0.351537978656635;"2022-01-05"
"ФК \МТМ\ Олександрівського району";"транспортування тепла";43532.7455583652;43597;0.147600250824187;"2022-01-05"
"ФК \МТМ\ Олександрівського району";"загальновиробничі";208;208;0;"2022-01-05"
"ФК \МТМ\ Заводського району";"виробництво тепла";4527;4545.68;0.412635299315234;"2022-01-05"
"ФК \МТМ\ Заводського району";"транспортування тепла";10123;10190;0.661859132668186;"2022-01-05"
"ФК \МТМ\ Заводського району";"загальновиробничі";522;522;0;"2022-01-05"
"ФК \МТМ\ Комунарського району";"виробництво тепла";12334;12485.8;1.23074428409276;"2022-01-05"
"ФК \МТМ\ Комунарського району";"транспортування тепла";15672;16145;3.0181214905564;"2022-01-05"
"ФК \МТМ\ Комунарського району";"загальновиробничі";552;522;-5.43478260869565;"2022-01-05"
"ФК \МТМ\ Дніпровського району";"виробництво тепла";9662;9901.4;2.47774787828607;"2022-01-05"
"ФК \МТМ\ Дніпровського району";"транспортування тепла";39076;40190;2.85085474460027;"2022-01-05"
"ФК \МТМ\ Дніпровського району";"загальновиробничі";260;260;0;"2022-01-05"
"ФК \МТМ\ Вознесенівського району";"виробництво тепла";15034;15097.65;0.42337368631109;"2022-01-05"
"ФК \МТМ\ Вознесенівського району";"транспортування тепла";65132;66456;2.03279493950745;"2022-01-05"
"ФК \МТМ\ Вознесенівського району";"загальновиробничі";358;358;0;"2022-01-05"
"ФК \МТМ\ Хортицького району";"виробництво тепла";8678;8803.00000000018;1.44042406084561;"2022-01-05"
"ФК \МТМ\ Хортицького району";"транспортування тепла";29974;30963;3.2995262560886;"2022-01-05"
"ФК \МТМ\ Хортицького району";"загальновиробничі";456;456;0;"2022-01-05"
"ФК \МТМ\ Шевченківського район";"виробництво тепла";5408;5447.99999999965;0.739644970407682;"2022-01-05"
"ФК \МТМ\ Шевченківського район";"транспортування тепла";21826;21892;0.302391642994593;"2022-01-05"
"ФК \МТМ\ Шевченківського район";"загальновиробничі";265;265;0;"2022-01-05"
"ФК \МТМ\ Олександрівського району";"виробництво тепла";5368;5376.4;0.156482861400931;"2022-01-06"
"ФК \МТМ\ Олександрівського району";"транспортування тепла";43532.7455583652;43597;0.147600250824187;"2022-01-06"
"ФК \МТМ\ Олександрівського району";"загальновиробничі";208;208;0;"2022-01-06"
"ФК \МТМ\ Заводського району";"виробництво тепла";4627;4663.2;0.782364382969547;"2022-01-06"
"ФК \МТМ\ Заводського району";"транспортування тепла";10123;10190;0.661859132668186;"2022-01-06"
"ФК \МТМ\ Заводського району";"загальновиробничі";522;522;0;"2022-01-06"
"ФК \МТМ\ Комунарського району";"виробництво тепла";12334;12397.6;0.515647802821495;"2022-01-06"
"ФК \МТМ\ Комунарського району";"транспортування тепла";15672;16145;3.0181214905564;"2022-01-06"
"ФК \МТМ\ Комунарського району";"загальновиробничі";552;522;-5.43478260869565;"2022-01-06"
"ФК \МТМ\ Дніпровського району";"виробництво тепла";9662;9819.8;1.63320223556203;"2022-01-06"
"ФК \МТМ\ Дніпровського району";"транспортування тепла";39076;40190;2.85085474460027;"2022-01-06"
"ФК \МТМ\ Дніпровського району";"загальновиробничі";260;260;0;"2022-01-06"
"ФК \МТМ\ Вознесенівського району";"виробництво тепла";16372;16677.1;1.86354752015641;"2022-01-06"
"ФК \МТМ\ Вознесенівського району";"транспортування тепла";65132;66456;2.03279493950745;"2022-01-06"
"ФК \МТМ\ Вознесенівського району";"загальновиробничі";358;358;0;"2022-01-06"
"ФК \МТМ\ Хортицького району";"виробництво тепла";6436;6483;0.730267246737104;"2022-01-06"
"ФК \МТМ\ Хортицького району";"транспортування тепла";29974;30963;3.2995262560886;"2022-01-06"
"ФК \МТМ\ Хортицького району";"загальновиробничі";456;456;0;"2022-01-06"
"ФК \МТМ\ Шевченківського район";"виробництво тепла";5208;5238.00000000018;0.576036866362872;"2022-01-06"
"ФК \МТМ\ Шевченківського район";"транспортування тепла";21826;21892;0.302391642994593;"2022-01-06"
"ФК \МТМ\ Шевченківського район";"загальновиробничі";265;265;0;"2022-01-06"
"ФК \МТМ\ Олександрівського району";"виробництво тепла";6367;6388.88;0.343646929480212;"2022-01-07"
"ФК \МТМ\ Олександрівського району";"транспортування тепла";43532.7455583652;43597;0.147600250824187;"2022-01-07"
"ФК \МТМ\ Олександрівського району";"загальновиробничі";208;208;0;"2022-01-07"
"ФК \МТМ\ Заводського району";"виробництво тепла";4694;4737.6;0.928845334469552;"2022-01-07"
"ФК \МТМ\ Заводського району";"транспортування тепла";10123;10190;0.661859132668186;"2022-01-07"
"ФК \МТМ\ Заводського району";"загальновиробничі";522;522;0;"2022-01-07"
"ФК \МТМ\ Комунарського району";"виробництво тепла";12434;12663.4;1.84494129001125;"2022-01-07"
"ФК \МТМ\ Комунарського району";"транспортування тепла";15672;16145;3.0181214905564;"2022-01-07"
"ФК \МТМ\ Комунарського району";"загальновиробничі";552;522;-5.43478260869565;"2022-01-07"
"ФК \МТМ\ Дніпровського району";"виробництво тепла";9462;9592.2;1.3760304375396;"2022-01-07"
"ФК \МТМ\ Дніпровського району";"транспортування тепла";39076;40190;2.85085474460027;"2022-01-07"
"ФК \МТМ\ Дніпровського району";"загальновиробничі";260;260;0;"2022-01-07"
"ФК \МТМ\ Вознесенівського району";"виробництво тепла";16372;16639.88;1.63620816027366;"2022-01-07"
"ФК \МТМ\ Вознесенівського району";"транспортування тепла";65132;66456;2.03279493950745;"2022-01-07"
"ФК \МТМ\ Вознесенівського району";"загальновиробничі";358;358;0;"2022-01-07"
"ФК \МТМ\ Хортицького району";"виробництво тепла";7181;7283.00000000015;1.42041498398755;"2022-01-07"
"ФК \МТМ\ Хортицького району";"транспортування тепла";29974;30963;3.2995262560886;"2022-01-07"
"ФК \МТМ\ Хортицького району";"загальновиробничі";456;456;0;"2022-01-07"
"ФК \МТМ\ Шевченківського район";"виробництво тепла";5608;5648.99999999999;0.731098430812871;"2022-01-07"
"ФК \МТМ\ Шевченківського район";"транспортування тепла";21826;21892;0.302391642994593;"2022-01-07"
"ФК \МТМ\ Шевченківського район";"загальновиробничі";265;265;0;"2022-01-07"
"ФК \МТМ\ Олександрівського району";"виробництво тепла";6667;6720.74;0.806059697015127;"2022-01-08"
"ФК \МТМ\ Олександрівського району";"транспортування тепла";43532.7455583652;43597;0.147600250824187;"2022-01-08"
"ФК \МТМ\ Олександрівського району";"загальновиробничі";208;208;0;"2022-01-08"
"ФК \МТМ\ Заводського району";"виробництво тепла";4965;5010.6;0.918429003021148;"2022-01-08"
"ФК \МТМ\ Заводського району";"транспортування тепла";10123;10190;0.661859132668186;"2022-01-08"
"ФК \МТМ\ Заводського району";"загальновиробничі";522;522;0;"2022-01-08"
"ФК \МТМ\ Комунарського району";"виробництво тепла";12934;13303.6;2.8575846605845;"2022-01-08"
"ФК \МТМ\ Комунарського району";"транспортування тепла";15672;16145;3.0181214905564;"2022-01-08"
"ФК \МТМ\ Комунарського району";"загальновиробничі";552;522;-5.43478260869565;"2022-01-08"
"ФК \МТМ\ Дніпровського району";"виробництво тепла";9462;9555;0.982878883956873;"2022-01-08"
"ФК \МТМ\ Дніпровського району";"транспортування тепла";39076;40190;2.85085474460027;"2022-01-08"
"ФК \МТМ\ Дніпровського району";"загальновиробничі";260;260;0;"2022-01-08"
"ФК \МТМ\ Вознесенівського району";"виробництво тепла";16972;17378.42;2.39465001178409;"2022-01-08"
"ФК \МТМ\ Вознесенівського району";"транспортування тепла";65132;66456;2.03279493950745;"2022-01-08"
"ФК \МТМ\ Вознесенівського району";"загальновиробничі";358;358;0;"2022-01-08"
"ФК \МТМ\ Хортицького району";"виробництво тепла";7981;8083.00000000036;1.27803533392261;"2022-01-08"
"ФК \МТМ\ Хортицького району";"транспортування тепла";29974;30963;3.2995262560886;"2022-01-08"
"ФК \МТМ\ Хортицького району";"загальновиробничі";456;456;0;"2022-01-08"
"ФК \МТМ\ Шевченківського район";"виробництво тепла";5768;5817.00000000018;0.849514563109954;"2022-01-08"
"ФК \МТМ\ Шевченківського район";"транспортування тепла";21826;21892;0.302391642994593;"2022-01-08"
"ФК \МТМ\ Шевченківського район";"загальновиробничі";265;265;0;"2022-01-08"
"ФК \МТМ\ Олександрівського району";"виробництво тепла";6355;6375.71;0.325885129819037;"2022-01-09"
"ФК \МТМ\ Олександрівського району";"транспортування тепла";43532.7455583652;43597;0.147600250824187;"2022-01-09"
"ФК \МТМ\ Олександрівського району";"загальновиробничі";208;208;0;"2022-01-09"
"ФК \МТМ\ Заводського району";"виробництво тепла";5078;5129.4;1.01220953131154;"2022-01-09"
"ФК \МТМ\ Заводського району";"транспортування тепла";10123;10190;0.661859132668186;"2022-01-09"
"ФК \МТМ\ Заводського району";"загальновиробничі";522;522;0;"2022-01-09"
"ФК \МТМ\ Комунарського району";"виробництво тепла";12934;13063;0.997371269522218;"2022-01-09"
"ФК \МТМ\ Комунарського району";"транспортування тепла";15672;16145;3.0181214905564;"2022-01-09"
"ФК \МТМ\ Комунарського району";"загальновиробничі";552;522;-5.43478260869565;"2022-01-09"
"ФК \МТМ\ Дніпровського району";"виробництво тепла";9462;9467.8;0.0612978228704542;"2022-01-09"
"ФК \МТМ\ Дніпровського району";"транспортування тепла";39076;40190;2.85085474460027;"2022-01-09"
"ФК \МТМ\ Дніпровського району";"загальновиробничі";260;260;0;"2022-01-09"
"ФК \МТМ\ Вознесенівського району";"виробництво тепла";16524;16803.4;1.69087388041633;"2022-01-09"
"ФК \МТМ\ Вознесенівського району";"транспортування тепла";65132;66456;2.03279493950745;"2022-01-09"
"ФК \МТМ\ Вознесенівського району";"загальновиробничі";358;358;0;"2022-01-09"
"ФК \МТМ\ Хортицького району";"виробництво тепла";8913;9042.99999999964;1.45854370020908;"2022-01-09"
"ФК \МТМ\ Хортицького району";"транспортування тепла";29974;30963;3.2995262560886;"2022-01-09"
"ФК \МТМ\ Хортицького району";"загальновиробничі";456;456;0;"2022-01-09"
"ФК \МТМ\ Шевченківського район";"виробництво тепла";6568;6686.99999999975;1.81181485992303;"2022-01-09"
"ФК \МТМ\ Шевченківського район";"транспортування тепла";21826;21892;0.302391642994593;"2022-01-09"
"ФК \МТМ\ Шевченківського район";"загальновиробничі";265;265;0;"2022-01-09"
"ФК \МТМ\ Олександрівського району";"виробництво тепла";6221;6241.71;0.332904677704526;"2022-01-10"
"ФК \МТМ\ Олександрівського району";"транспортування тепла";43532.7455583652;43597;0.147600250824187;"2022-01-10"
"ФК \МТМ\ Олександрівського району";"загальновиробничі";208;208;0;"2022-01-10"
"ФК \МТМ\ Заводського району";"виробництво тепла";5572;5671.25;1.78122756640344;"2022-01-10"
"ФК \МТМ\ Заводського району";"транспортування тепла";10123;10190;0.661859132668186;"2022-01-10"
"ФК \МТМ\ Заводського району";"загальновиробничі";522;522;0;"2022-01-10"
"ФК \МТМ\ Комунарського району";"виробництво тепла";13141;13350.4;1.59348603607032;"2022-01-10"
"ФК \МТМ\ Комунарського району";"транспортування тепла";15672;16145;3.0181214905564;"2022-01-10"
"ФК \МТМ\ Комунарського району";"загальновиробничі";552;522;-5.43478260869565;"2022-01-10"
"ФК \МТМ\ Дніпровського району";"виробництво тепла";9782;9861;0.807605806583522;"2022-01-10"
"ФК \МТМ\ Дніпровського району";"транспортування тепла";39076;40190;2.85085474460027;"2022-01-10"
"ФК \МТМ\ Дніпровського району";"загальновиробничі";260;260;0;"2022-01-10"
"ФК \МТМ\ Вознесенівського району";"виробництво тепла";16972;17231.88;1.53122790478437;"2022-01-10"
"ФК \МТМ\ Вознесенівського району";"транспортування тепла";65132;66456;2.03279493950745;"2022-01-10"
"ФК \МТМ\ Вознесенівського району";"загальновиробничі";358;358;0;"2022-01-10"
"ФК \МТМ\ Хортицького району";"виробництво тепла";8572;8643;0.828278114792358;"2022-01-10"
"ФК \МТМ\ Хортицького району";"транспортування тепла";29974;30963;3.2995262560886;"2022-01-10"
"ФК \МТМ\ Хортицького району";"загальновиробничі";456;456;0;"2022-01-10"
"ФК \МТМ\ Шевченківського район";"виробництво тепла";6468;6531.00000000018;0.97402597402878;"2022-01-10"
"ФК \МТМ\ Шевченківського район";"транспортування тепла";21826;21892;0.302391642994593;"2022-01-10"
"ФК \МТМ\ Шевченківського район";"загальновиробничі";265;265;0;"2022-01-10"
"ФК \МТМ\ Олександрівського району";"виробництво тепла";6672;6712.4;0.605515587529992;"2022-01-11"
"ФК \МТМ\ Олександрівського району";"транспортування тепла";43532.7455583652;43597;0.147600250824187;"2022-01-11"
"ФК \МТМ\ Олександрівського району";"загальновиробничі";208;208;0;"2022-01-11"
"ФК \МТМ\ Заводського району";"виробництво тепла";5872;5983.14;1.89271117166212;"2022-01-11"
"ФК \МТМ\ Заводського району";"транспортування тепла";10123;10190;0.661859132668186;"2022-01-11"
"ФК \МТМ\ Заводського району";"загальновиробничі";522;522;0;"2022-01-11"
"ФК \МТМ\ Комунарського району";"виробництво тепла";13275;13640.8;2.75555555555558;"2022-01-11"
"ФК \МТМ\ Комунарського району";"транспортування тепла";15672;16145;3.0181214905564;"2022-01-11"
"ФК \МТМ\ Комунарського району";"загальновиробничі";552;522;-5.43478260869565;"2022-01-11"
"ФК \МТМ\ Дніпровського району";"виробництво тепла";10562;10753.2;1.81026320772579;"2022-01-11"
"ФК \МТМ\ Дніпровського району";"транспортування тепла";39076;40190;2.85085474460027;"2022-01-11"
"ФК \МТМ\ Дніпровського району";"загальновиробничі";260;260;0;"2022-01-11"
"ФК \МТМ\ Вознесенівського району";"виробництво тепла";16972;17412.73;2.59680650483147;"2022-01-11"
"ФК \МТМ\ Вознесенівського району";"транспортування тепла";65132;66456;2.03279493950745;"2022-01-11"
"ФК \МТМ\ Вознесенівського району";"загальновиробничі";358;358;0;"2022-01-11"
"ФК \МТМ\ Хортицького району";"виробництво тепла";9172;9363;2.0824247710423;"2022-01-11"
"ФК \МТМ\ Хортицького району";"транспортування тепла";29974;30963;3.2995262560886;"2022-01-11"
"ФК \МТМ\ Хортицького району";"загальновиробничі";456;456;0;"2022-01-11"
"ФК \МТМ\ Шевченківського район";"виробництво тепла";7168;7293.00000000007;1.74386160714377;"2022-01-11"
"ФК \МТМ\ Шевченківського район";"транспортування тепла";21826;21892;0.302391642994593;"2022-01-11"
"ФК \МТМ\ Шевченківського район";"загальновиробничі";265;265;0;"2022-01-11"
"ФК \МТМ\ Олександрівського району";"виробництво тепла";8663;8760.8;1.12893916657051;"2022-01-12"
"ФК \МТМ\ Олександрівського району";"транспортування тепла";43532.7455583652;43597;0.147600250824187;"2022-01-12"
"ФК \МТМ\ Олександрівського району";"загальновиробничі";208;208;0;"2022-01-12"
"ФК \МТМ\ Заводського району";"виробництво тепла";6254;6416.49;2.59817716661339;"2022-01-12"
"ФК \МТМ\ Заводського району";"транспортування тепла";10123;10190;0.661859132668186;"2022-01-12"
"ФК \МТМ\ Заводського району";"загальновиробничі";522;522;0;"2022-01-12"
"ФК \МТМ\ Комунарського району";"виробництво тепла";13474;13939.6;3.45554401068726;"2022-01-12"
"ФК \МТМ\ Комунарського району";"транспортування тепла";15672;16145;3.0181214905564;"2022-01-12"
"ФК \МТМ\ Комунарського району";"загальновиробничі";552;522;-5.43478260869565;"2022-01-12"
"ФК \МТМ\ Дніпровського району";"виробництво тепла";11178;11600.2;3.7770620862408;"2022-01-12"
"ФК \МТМ\ Дніпровського району";"транспортування тепла";39076;40190;2.85085474460027;"2022-01-12"
"ФК \МТМ\ Дніпровського району";"загальновиробничі";260;260;0;"2022-01-12"
"ФК \МТМ\ Вознесенівського району";"виробництво тепла";17968;18663.81;3.87249554764024;"2022-01-12"
"ФК \МТМ\ Вознесенівського району";"транспортування тепла";65132;66456;2.03279493950745;"2022-01-12"
"ФК \МТМ\ Вознесенівського району";"загальновиробничі";358;358;0;"2022-01-12"
"ФК \МТМ\ Хортицького району";"виробництво тепла";9972;10243;2.71760930605696;"2022-01-12"
"ФК \МТМ\ Хортицького району";"транспортування тепла";29974;30963;3.2995262560886;"2022-01-12"
"ФК \МТМ\ Хортицького району";"загальновиробничі";456;456;0;"2022-01-12"
"ФК \МТМ\ Шевченківського район";"виробництво тепла";7146;7370.99999999975;3.14861460956823;"2022-01-12"
"ФК \МТМ\ Шевченківського район";"транспортування тепла";21826;21892;0.302391642994593;"2022-01-12"
"ФК \МТМ\ Шевченківського район";"загальновиробничі";265;265;0;"2022-01-12"
"ФК \МТМ\ Олександрівського району";"виробництво тепла";9610;9676;0.686784599375656;"2021-11-29"
"ФК \МТМ\ Олександрівського району";"транспортування тепла";43532.7455583652;43597;0.147600250824187;"2021-11-29"
"ФК \МТМ\ Олександрівського району";"загальновиробничі";208;208;0;"2021-11-29"
"ФК \МТМ\ Заводського району";"виробництво тепла";3910;4002.4;2.36317135549871;"2021-11-29"
"ФК \МТМ\ Заводського району";"транспортування тепла";10123;10190;0.661859132668186;"2021-11-29"
"ФК \МТМ\ Заводського району";"загальновиробничі";522;522;0;"2021-11-29"
"ФК \МТМ\ Комунарського району";"виробництво тепла";5765;5938.8;3.01474414570684;"2021-11-29"
"ФК \МТМ\ Комунарського району";"транспортування тепла";15672;16145;3.0181214905564;"2021-11-29"
"ФК \МТМ\ Комунарського району";"загальновиробничі";552;522;-5.43478260869565;"2021-11-29"
"ФК \МТМ\ Дніпровського району";"виробництво тепла";5767;5933.60000000002;2.88885035547113;"2021-11-29"
"ФК \МТМ\ Дніпровського району";"транспортування тепла";39076;40190;2.85085474460027;"2021-11-29"
"ФК \МТМ\ Дніпровського району";"загальновиробничі";260;260;0;"2021-11-29"
"ФК \МТМ\ Вознесенівського району";"виробництво тепла";11252;11311.6;0.52968361180239;"2021-11-29"
"ФК \МТМ\ Вознесенівського району";"транспортування тепла";65132;66456;2.03279493950745;"2021-11-29"
"ФК \МТМ\ Вознесенівського району";"загальновиробничі";358;358;0;"2021-11-29"
"ФК \МТМ\ Хортицького району";"виробництво тепла";7884;8171.00000000029;3.64028411973987;"2021-11-29"
"ФК \МТМ\ Хортицького району";"транспортування тепла";29974;30963;3.2995262560886;"2021-11-29"
"ФК \МТМ\ Хортицького району";"загальновиробничі";456;456;0;"2021-11-29"
"ФК \МТМ\ Шевченківського район";"виробництво тепла";4508;4675.1999999997;3.70896184560121;"2021-11-29"
"ФК \МТМ\ Шевченківського район";"транспортування тепла";21826;21892;0.302391642994593;"2021-11-29"
"ФК \МТМ\ Шевченківського район";"загальновиробничі";265;265;0;"2021-11-29"
"ФК \МТМ\ Олександрівського району";"виробництво тепла";10280;10657.2;3.66926070038909;"2021-11-30"
"ФК \МТМ\ Олександрівського району";"транспортування тепла";43532.7455583652;43597;0.147600250824187;"2021-11-30"
"ФК \МТМ\ Олександрівського району";"загальновиробничі";208;208;0;"2021-11-30"
"ФК \МТМ\ Заводського району";"виробництво тепла";4252;4362.4;2.5964252116651;"2021-11-30"
"ФК \МТМ\ Заводського району";"транспортування тепла";10123;10190;0.661859132668186;"2021-11-30"
"ФК \МТМ\ Заводського району";"загальновиробничі";522;522;0;"2021-11-30"
"ФК \МТМ\ Комунарського району";"виробництво тепла";5765;6036;4.70078057241978;"2021-11-30"
"ФК \МТМ\ Комунарського району";"транспортування тепла";15672;16145;3.0181214905564;"2021-11-30"
"ФК \МТМ\ Комунарського району";"загальновиробничі";552;522;-5.43478260869565;"2021-11-30"
"ФК \МТМ\ Дніпровського району";"виробництво тепла";6967;7138.8;2.46591072197506;"2021-11-30"
"ФК \МТМ\ Дніпровського району";"транспортування тепла";39076;40190;2.85085474460027;"2021-11-30"
"ФК \МТМ\ Дніпровського району";"загальновиробничі";260;260;0;"2021-11-30"
"ФК \МТМ\ Вознесенівського району";"виробництво тепла";11372;11617.6;2.15969046781574;"2021-11-30"
"ФК \МТМ\ Вознесенівського району";"транспортування тепла";65132;66456;2.03279493950745;"2021-11-30"
"ФК \МТМ\ Вознесенівського району";"загальновиробничі";358;358;0;"2021-11-30"
"ФК \МТМ\ Хортицького району";"виробництво тепла";7012;7211.00000000025;2.83799201369446;"2021-11-30"
"ФК \МТМ\ Хортицького району";"транспортування тепла";29974;30963;3.2995262560886;"2021-11-30"
"ФК \МТМ\ Хортицького району";"загальновиробничі";456;456;0;"2021-11-30"
"ФК \МТМ\ Шевченківського район";"виробництво тепла";5798;6107.39999999972;5.33632286995041;"2021-11-30"
"ФК \МТМ\ Шевченківського район";"транспортування тепла";21826;21892;0.302391642994593;"2021-11-30"
"ФК \МТМ\ Шевченківського район";"загальновиробничі";265;265;0;"2021-11-30"
"ФК \МТМ\ Олександрівського району";"виробництво тепла";10780;11334.1999999999;5.14100185528708;"2021-12-01"
"ФК \МТМ\ Олександрівського району";"транспортування тепла";43532.7455583652;43597;0.147600250824187;"2021-12-01"
"ФК \МТМ\ Олександрівського району";"загальновиробничі";208;208;0;"2021-12-01"
"ФК \МТМ\ Заводського району";"виробництво тепла";4752;4819.6;1.42255892255894;"2021-12-01"
"ФК \МТМ\ Заводського району";"транспортування тепла";10123;10190;0.661859132668186;"2021-12-01"
"ФК \МТМ\ Заводського району";"загальновиробничі";522;522;0;"2021-12-01"
"ФК \МТМ\ Комунарського району";"виробництво тепла";5985;6183.6;3.31829573934841;"2021-12-01"
"ФК \МТМ\ Комунарського району";"транспортування тепла";15672;16145;3.0181214905564;"2021-12-01"
"ФК \МТМ\ Комунарського району";"загальновиробничі";552;522;-5.43478260869565;"2021-12-01"
"ФК \МТМ\ Дніпровського району";"виробництво тепла";6967;7263;4.24860054542844;"2021-12-01"
"ФК \МТМ\ Дніпровського району";"транспортування тепла";39076;40190;2.85085474460027;"2021-12-01"
"ФК \МТМ\ Дніпровського району";"загальновиробничі";260;260;0;"2021-12-01"
"ФК \МТМ\ Вознесенівського району";"виробництво тепла";11872;12247.7;3.16458894878704;"2021-12-01"
"ФК \МТМ\ Вознесенівського району";"транспортування тепла";65132;66456;2.03279493950745;"2021-12-01"
"ФК \МТМ\ Вознесенівського району";"загальновиробничі";358;358;0;"2021-12-01"
"ФК \МТМ\ Хортицького району";"виробництво тепла";7212;7451;3.31392124237382;"2021-12-01"
"ФК \МТМ\ Хортицького району";"транспортування тепла";29974;30963;3.2995262560886;"2021-12-01"
"ФК \МТМ\ Хортицького району";"загальновиробничі";456;456;0;"2021-12-01"
"ФК \МТМ\ Шевченківського район";"виробництво тепла";5098;5207.99999999993;2.15770890545184;"2021-12-01"
"ФК \МТМ\ Шевченківського район";"транспортування тепла";21826;21892;0.302391642994593;"2021-12-01"
"ФК \МТМ\ Шевченківського район";"загальновиробничі";265;265;0;"2021-12-01"
"ФК \МТМ\ Олександрівського району";"виробництво тепла";8305;8345.6;0.488862131246215;"2021-12-02"
"ФК \МТМ\ Олександрівського району";"транспортування тепла";43225;43297;0.166570271833422;"2021-12-02"
"ФК \МТМ\ Олександрівського району";"загальновиробничі";208;208;0;"2021-12-02"
"ФК \МТМ\ Заводського району";"виробництво тепла";4752;4981.6;4.83164983164983;"2021-12-02"
"ФК \МТМ\ Заводського району";"транспортування тепла";10123;10190;0.661859132668186;"2021-12-02"
"ФК \МТМ\ Заводського району";"загальновиробничі";522;522;0;"2021-12-02"
"ФК \МТМ\ Комунарського району";"виробництво тепла";5985;6097.00000000001;1.87134502923989;"2021-12-02"
"ФК \МТМ\ Комунарського району";"транспортування тепла";15672;16145;3.0181214905564;"2021-12-02"
"ФК \МТМ\ Комунарського району";"загальновиробничі";552;522;-5.43478260869565;"2021-12-02"
"ФК \МТМ\ Дніпровського району";"виробництво тепла";7642;7800.8;2.07799005495948;"2021-12-02"
"ФК \МТМ\ Дніпровського району";"транспортування тепла";39076;40190;2.85085474460027;"2021-12-02"
"ФК \МТМ\ Дніпровського району";"загальновиробничі";260;260;0;"2021-12-02"
"ФК \МТМ\ Вознесенівського району";"виробництво тепла";11872;13014.9;9.62685309973041;"2021-12-02"
"ФК \МТМ\ Вознесенівського району";"транспортування тепла";65132;66456;2.03279493950745;"2021-12-02"
"ФК \МТМ\ Вознесенівського району";"загальновиробничі";358;358;0;"2021-12-02"
"ФК \МТМ\ Хортицького району";"виробництво тепла";6970;7131;2.30989956958394;"2021-12-02"
"ФК \МТМ\ Хортицького району";"транспортування тепла";29974;30963;3.2995262560886;"2021-12-02"
"ФК \МТМ\ Хортицького району";"загальновиробничі";456;456;0;"2021-12-02"
"ФК \МТМ\ Шевченківського район";"виробництво тепла";5098;5168.99999999992;1.39270302079091;"2021-12-02"
"ФК \МТМ\ Шевченківського район";"транспортування тепла";21826;21892;0.302391642994593;"2021-12-02"
"ФК \МТМ\ Шевченківського район";"загальновиробничі";265;265;0;"2021-12-02"
"ФК \МТМ\ Олександрівського району";"виробництво тепла";6605;6696.40000000039;1.38380015140631;"2021-12-03"
"ФК \МТМ\ Олександрівського району";"транспортування тепла";43225;43297;0.166570271833422;"2021-12-03"
"ФК \МТМ\ Олександрівського району";"загальновиробничі";208;208;0;"2021-12-03"
"ФК \МТМ\ Заводського району";"виробництво тепла";4452;4514.59999999989;1.40610961365435;"2021-12-03"
"ФК \МТМ\ Заводського району";"транспортування тепла";10123;10190;0.661859132668186;"2021-12-03"
"ФК \МТМ\ Заводського району";"загальновиробничі";522;522;0;"2021-12-03"
"ФК \МТМ\ Комунарського району";"виробництво тепла";5585;5648.6000000008;1.13876454791046;"2021-12-03"
"ФК \МТМ\ Комунарського району";"транспортування тепла";15672;16145;3.0181214905564;"2021-12-03"
"ФК \МТМ\ Комунарського району";"загальновиробничі";552;522;-5.43478260869565;"2021-12-03"
"ФК \МТМ\ Дніпровського району";"виробництво тепла";7242;7637.19999999994;5.45705606186051;"2021-12-03"
"ФК \МТМ\ Дніпровського району";"транспортування тепла";39076;40190;2.85085474460027;"2021-12-03"
"ФК \МТМ\ Дніпровського району";"загальновиробничі";260;260;0;"2021-12-03"
"ФК \МТМ\ Вознесенівського району";"виробництво тепла";11872;12018.7000000005;1.23568059299606;"2021-12-03"
"ФК \МТМ\ Вознесенівського району";"транспортування тепла";65132;66456;2.03279493950745;"2021-12-03"
"ФК \МТМ\ Вознесенівського району";"загальновиробничі";358;358;0;"2021-12-03"
"ФК \МТМ\ Хортицького району";"виробництво тепла";6770;6970.99999999956;2.96898079763019;"2021-12-03"
"ФК \МТМ\ Хортицького району";"транспортування тепла";29974;30963;3.2995262560886;"2021-12-03"
"ФК \МТМ\ Хортицького району";"загальновиробничі";456;456;0;"2021-12-03"
"ФК \МТМ\ Шевченківського район";"виробництво тепла";5098;5169.00000000023;1.39270302079704;"2021-12-03"
"ФК \МТМ\ Шевченківського район";"транспортування тепла";21826;21892;0.302391642994593;"2021-12-03"
"ФК \МТМ\ Шевченківського район";"загальновиробничі";265;265;0;"2021-12-03"
"ФК \МТМ\ Олександрівського району";"виробництво тепла";6486;6499.60000000008;0.209682392847332;"2021-12-04"
"ФК \МТМ\ Олександрівського району";"транспортування тепла";43225;43297;0.166570271833422;"2021-12-04"
"ФК \МТМ\ Олександрівського району";"загальновиробничі";208;208;0;"2021-12-04"
"ФК \МТМ\ Заводського району";"виробництво тепла";4452;4560.8;2.44384546271337;"2021-12-04"
"ФК \МТМ\ Заводського району";"транспортування тепла";10123;10190;0.661859132668186;"2021-12-04"
"ФК \МТМ\ Заводського району";"загальновиробничі";522;522;0;"2021-12-04"
"ФК \МТМ\ Комунарського району";"виробництво тепла";5985;6053.79999999996;1.14954051796083;"2021-12-04"
"ФК \МТМ\ Комунарського району";"транспортування тепла";15672;16145;3.0181214905564;"2021-12-04"
"ФК \МТМ\ Комунарського району";"загальновиробничі";552;522;-5.43478260869565;"2021-12-04"
"ФК \МТМ\ Дніпровського району";"виробництво тепла";7842;8100.2;3.29252741647545;"2021-12-04"
"ФК \МТМ\ Дніпровського району";"транспортування тепла";39076;40190;2.85085474460027;"2021-12-04"
"ФК \МТМ\ Дніпровського району";"загальновиробничі";260;260;0;"2021-12-04"
"ФК \МТМ\ Вознесенівського району";"виробництво тепла";10972;11614.3;5.85399197958443;"2021-12-04"
"ФК \МТМ\ Вознесенівського району";"транспортування тепла";65132;66456;2.03279493950745;"2021-12-04"
"ФК \МТМ\ Вознесенівського району";"загальновиробничі";358;358;0;"2021-12-04"
"ФК \МТМ\ Хортицького району";"виробництво тепла";6770;7371;8.87740029542097;"2021-12-04"
"ФК \МТМ\ Хортицького району";"транспортування тепла";29974;30963;3.2995262560886;"2021-12-04"
"ФК \МТМ\ Хортицького району";"загальновиробничі";456;456;0;"2021-12-04"
"ФК \МТМ\ Шевченківського район";"виробництво тепла";5098;5288.9999999999;3.74656728128486;"2021-12-04"
"ФК \МТМ\ Шевченківського район";"транспортування тепла";21826;21892;0.302391642994593;"2021-12-04"
"ФК \МТМ\ Шевченківського район";"загальновиробничі";265;265;0;"2021-12-04"
"ФК \МТМ\ Олександрівського району";"виробництво тепла";7686;7777.19999999993;1.18657298985079;"2021-12-05"
"ФК \МТМ\ Олександрівського району";"транспортування тепла";43225;43297;0.166570271833422;"2021-12-05"
"ФК \МТМ\ Олександрівського району";"загальновиробничі";208;208;0;"2021-12-05"
"ФК \МТМ\ Заводського району";"виробництво тепла";4955;5136.8;3.66902119071644;"2021-12-05"
"ФК \МТМ\ Заводського району";"транспортування тепла";10123;10190;0.661859132668186;"2021-12-05"
"ФК \МТМ\ Заводського району";"загальновиробничі";522;522;0;"2021-12-05"
"ФК \МТМ\ Комунарського району";"виробництво тепла";5985;6112;2.12197159565581;"2021-12-05"
"ФК \МТМ\ Комунарського району";"транспортування тепла";15672;16145;3.0181214905564;"2021-12-05"
"ФК \МТМ\ Комунарського району";"загальновиробничі";552;522;-5.43478260869565;"2021-12-05"
"ФК \МТМ\ Дніпровського району";"виробництво тепла";7442;7747;4.0983606557377;"2021-12-05"
"ФК \МТМ\ Дніпровського району";"транспортування тепла";39076;40190;2.85085474460027;"2021-12-05"
"ФК \МТМ\ Дніпровського району";"загальновиробничі";260;260;0;"2021-12-05"
"ФК \МТМ\ Вознесенівського району";"виробництво тепла";11972;12563.9;4.9440360841964;"2021-12-05"
"ФК \МТМ\ Вознесенівського району";"транспортування тепла";65132;66456;2.03279493950745;"2021-12-05"
"ФК \МТМ\ Вознесенівського району";"загальновиробничі";358;358;0;"2021-12-05"
"ФК \МТМ\ Хортицького району";"виробництво тепла";7670;7851;2.35984354628422;"2021-12-05"
"ФК \МТМ\ Хортицького району";"транспортування тепла";29974;30963;3.2995262560886;"2021-12-05"
"ФК \МТМ\ Хортицького району";"загальновиробничі";456;456;0;"2021-12-05"
"ФК \МТМ\ Шевченківського район";"виробництво тепла";5098;5201.99999999999;2.0400156924282;"2021-12-05"
"ФК \МТМ\ Шевченківського район";"транспортування тепла";21826;21892;0.302391642994593;"2021-12-05"
"ФК \МТМ\ Шевченківського район";"загальновиробничі";265;265;0;"2021-12-05"
"ФК \МТМ\ Олександрівського району";"виробництво тепла";7610;7735.20000000008;1.64520367937036;"2021-12-06"
"ФК \МТМ\ Олександрівського району";"транспортування тепла";43532.7455583652;43597;0.147600250824187;"2021-12-06"
"ФК \МТМ\ Олександрівського району";"загальновиробничі";208;208;0;"2021-12-06"
"ФК \МТМ\ Заводського району";"виробництво тепла";4810;4918.6;2.25779625779627;"2021-12-06"
"ФК \МТМ\ Заводського району";"транспортування тепла";10123;10190;0.661859132668186;"2021-12-06"
"ФК \МТМ\ Заводського району";"загальновиробничі";522;522;0;"2021-12-06"
"ФК \МТМ\ Комунарського району";"виробництво тепла";8525;8702.2;2.07859237536658;"2021-12-06"
"ФК \МТМ\ Комунарського району";"транспортування тепла";15672;16145;3.0181214905564;"2021-12-06"
"ФК \МТМ\ Комунарського району";"загальновиробничі";552;522;-5.43478260869565;"2021-12-06"
"ФК \МТМ\ Дніпровського району";"виробництво тепла";7067;7259.40000000001;2.72251308900535;"2021-12-06"
"ФК \МТМ\ Дніпровського району";"транспортування тепла";39076;40190;2.85085474460027;"2021-12-06"
"ФК \МТМ\ Дніпровського району";"загальновиробничі";260;260;0;"2021-12-06"
"ФК \МТМ\ Вознесенівського району";"виробництво тепла";12252;12835.5;4.76248775710089;"2021-12-06"
"ФК \МТМ\ Вознесенівського району";"транспортування тепла";65132;66456;2.03279493950745;"2021-12-06"
"ФК \МТМ\ Вознесенівського району";"загальновиробничі";358;358;0;"2021-12-06"
"ФК \МТМ\ Хортицького району";"виробництво тепла";7084;7227;2.01863354037266;"2021-12-06"
"ФК \МТМ\ Хортицького району";"транспортування тепла";29974;30963;3.2995262560886;"2021-12-06"
"ФК \МТМ\ Хортицького району";"загальновиробничі";456;456;0;"2021-12-06"
"ФК \МТМ\ Шевченківського район";"виробництво тепла";4808;5057.99999999988;5.19966722129526;"2021-12-06"
"ФК \МТМ\ Шевченківського район";"транспортування тепла";21826;21892;0.302391642994593;"2021-12-06"
"ФК \МТМ\ Шевченківського район";"загальновиробничі";265;265;0;"2021-12-06"
"ФК \МТМ\ Олександрівського району";"виробництво тепла";6296;6400.40000000009;1.6581956797981;"2021-12-07"
"ФК \МТМ\ Олександрівського району";"транспортування тепла";43532.7455583652;43597;0.147600250824187;"2021-12-07"
"ФК \МТМ\ Олександрівського району";"загальновиробничі";208;208;0;"2021-12-07"
"ФК \МТМ\ Заводського району";"виробництво тепла";4198;4210.6;0.300142925202485;"2021-12-07"
"ФК \МТМ\ Заводського району";"транспортування тепла";10123;10190;0.661859132668186;"2021-12-07"
"ФК \МТМ\ Заводського району";"загальновиробничі";522;522;0;"2021-12-07"
"ФК \МТМ\ Комунарського району";"виробництво тепла";11678;12073;3.38242849803048;"2021-12-07"
"ФК \МТМ\ Комунарського району";"транспортування тепла";15672;16145;3.0181214905564;"2021-12-07"
"ФК \МТМ\ Комунарського району";"загальновиробничі";552;522;-5.43478260869565;"2021-12-07"
"ФК \МТМ\ Дніпровського району";"виробництво тепла";7067;7140.4;1.03863025328996;"2021-12-07"
"ФК \МТМ\ Дніпровського району";"транспортування тепла";39076;40190;2.85085474460027;"2021-12-07"
"ФК \МТМ\ Дніпровського району";"загальновиробничі";260;260;0;"2021-12-07"
"ФК \МТМ\ Вознесенівського району";"виробництво тепла";11152;11408;2.29555236728838;"2021-12-07"
"ФК \МТМ\ Вознесенівського району";"транспортування тепла";65132;66456;2.03279493950745;"2021-12-07"
"ФК \МТМ\ Вознесенівського району";"загальновиробничі";358;358;0;"2021-12-07"
"ФК \МТМ\ Хортицького району";"виробництво тепла";6391;6587;3.06681270536693;"2021-12-07"
"ФК \МТМ\ Хортицького району";"транспортування тепла";29974;30963;3.2995262560886;"2021-12-07"
"ФК \МТМ\ Хортицького району";"загальновиробничі";456;456;0;"2021-12-07"
"ФК \МТМ\ Шевченківського район";"виробництво тепла";5411;5474.99999999989;1.18277582701696;"2021-12-07"
"ФК \МТМ\ Шевченківського район";"транспортування тепла";21826;21892;0.302391642994593;"2021-12-07"
"ФК \МТМ\ Шевченківського район";"загальновиробничі";265;265;0;"2021-12-07"
"ФК \МТМ\ Олександрівського району";"виробництво тепла";6296;6421.19999999997;1.98856416772504;"2021-12-08"
"ФК \МТМ\ Олександрівського району";"транспортування тепла";43532.7455583652;43597;0.147600250824187;"2021-12-08"
"ФК \МТМ\ Олександрівського району";"загальновиробничі";208;208;0;"2021-12-08"
"ФК \МТМ\ Заводського району";"виробництво тепла";4198;4303;2.50119104335398;"2021-12-08"
"ФК \МТМ\ Заводського району";"транспортування тепла";10123;10190;0.661859132668186;"2021-12-08"
"ФК \МТМ\ Заводського району";"загальновиробничі";522;522;0;"2021-12-08"
"ФК \МТМ\ Комунарського району";"виробництво тепла";11678;12131.0000000001;3.87908888508381;"2021-12-08"
"ФК \МТМ\ Комунарського району";"транспортування тепла";15672;16145;3.0181214905564;"2021-12-08"
"ФК \МТМ\ Комунарського району";"загальновиробничі";552;522;-5.43478260869565;"2021-12-08"
"ФК \МТМ\ Дніпровського району";"виробництво тепла";7267;7432.8;2.28154671804039;"2021-12-08"
"ФК \МТМ\ Дніпровського району";"транспортування тепла";39076;40190;2.85085474460027;"2021-12-08"
"ФК \МТМ\ Дніпровського району";"загальновиробничі";260;260;0;"2021-12-08"
"ФК \МТМ\ Вознесенівського району";"виробництво тепла";11052;11248.8;1.78067318132467;"2021-12-08"
"ФК \МТМ\ Вознесенівського району";"транспортування тепла";65132;66456;2.03279493950745;"2021-12-08"
"ФК \МТМ\ Вознесенівського району";"загальновиробничі";358;358;0;"2021-12-08"
"ФК \МТМ\ Хортицького району";"виробництво тепла";6672;6826.99999999985;2.32314148680837;"2021-12-08"
"ФК \МТМ\ Хортицького району";"транспортування тепла";29974;30963;3.2995262560886;"2021-12-08"
"ФК \МТМ\ Хортицького району";"загальновиробничі";456;456;0;"2021-12-08"
"ФК \МТМ\ Шевченківського район";"виробництво тепла";5211;5265.00000000003;1.03626943005237;"2021-12-08"
"ФК \МТМ\ Шевченківського район";"транспортування тепла";21826;21892;0.302391642994593;"2021-12-08"
"ФК \МТМ\ Шевченківського район";"загальновиробничі";265;265;0;"2021-12-08"
"ФК \МТМ\ Олександрівського району";"виробництво тепла";6796;6887.59999999995;1.34785167745655;"2021-12-09"
"ФК \МТМ\ Олександрівського району";"транспортування тепла";43532.7455583652;43597;0.147600250824187;"2021-12-09"
"ФК \МТМ\ Олександрівського району";"загальновиробничі";208;208;0;"2021-12-09"
"ФК \МТМ\ Заводського району";"виробництво тепла";4651;4704.4;1.14814018490645;"2021-12-09"
"ФК \МТМ\ Заводського району";"транспортування тепла";10123;10190;0.661859132668186;"2021-12-09"
"ФК \МТМ\ Заводського району";"загальновиробничі";522;522;0;"2021-12-09"
"ФК \МТМ\ Комунарського району";"виробництво тепла";11678;12162.2;4.14625792087724;"2021-12-09"
"ФК \МТМ\ Комунарського району";"транспортування тепла";15672;16145;3.0181214905564;"2021-12-09"
"ФК \МТМ\ Комунарського району";"загальновиробничі";552;522;-5.43478260869565;"2021-12-09"
"ФК \МТМ\ Дніпровського району";"виробництво тепла";7267;7381.8;1.57974404843819;"2021-12-09"
"ФК \МТМ\ Дніпровського району";"транспортування тепла";39076;40190;2.85085474460027;"2021-12-09"
"ФК \МТМ\ Дніпровського району";"загальновиробничі";260;260;0;"2021-12-09"
"ФК \МТМ\ Вознесенівського району";"виробництво тепла";11182;11483.3;2.69450903237349;"2021-12-09"
"ФК \МТМ\ Вознесенівського району";"транспортування тепла";65132;66456;2.03279493950745;"2021-12-09"
"ФК \МТМ\ Вознесенівського району";"загальновиробничі";358;358;0;"2021-12-09"
"ФК \МТМ\ Хортицького району";"виробництво тепла";6612;6723;1.67876588021778;"2021-12-09"
"ФК \МТМ\ Хортицького району";"транспортування тепла";29974;30963;3.2995262560886;"2021-12-09"
"ФК \МТМ\ Хортицького району";"загальновиробничі";456;456;0;"2021-12-09"
"ФК \МТМ\ Шевченківського район";"виробництво тепла";5563;5619.00000000008;1.00665108754419;"2021-12-09"
"ФК \МТМ\ Шевченківського район";"транспортування тепла";21826;21892;0.302391642994593;"2021-12-09"
"ФК \МТМ\ Шевченківського район";"загальновиробничі";265;265;0;"2021-12-09"
"ФК \МТМ\ Олександрівського району";"виробництво тепла";4687;5530.4;17.9944527416258;"2021-11-08"
"ФК \МТМ\ Олександрівського району";"транспортування тепла";12786;11736;-8.21210699202253;"2021-11-08"
"ФК \МТМ\ Олександрівського району";"загальновиробничі";208;208;0;"2021-11-08"
"ФК \МТМ\ Заводського району";"виробництво тепла";2308;2710.6;17.4436741767764;"2021-11-08"
"ФК \МТМ\ Заводського району";"транспортування тепла";7876;10248;30.1168105637379;"2021-11-08"
"ФК \МТМ\ Заводського району";"загальновиробничі";522;522;0;"2021-11-08"
"ФК \МТМ\ Комунарського району";"виробництво тепла";5276;6185.6;17.2403335860501;"2021-11-08"
"ФК \МТМ\ Комунарського району";"транспортування тепла";10725;15376;43.3659673659674;"2021-11-08"
"ФК \МТМ\ Комунарського району";"загальновиробничі";552;522;-5.43478260869565;"2021-11-08"
"ФК \МТМ\ Дніпровського району";"виробництво тепла";6537;7466.40000000002;14.217530977513;"2021-11-08"
"ФК \МТМ\ Дніпровського району";"транспортування тепла";35214;37656;6.93474186403136;"2021-11-08"
"ФК \МТМ\ Дніпровського району";"загальновиробничі";260;260;0;"2021-11-08"
"ФК \МТМ\ Вознесенівського району";"виробництво тепла";9078;13517.5;48.9039435999119;"2021-11-08"
"ФК \МТМ\ Вознесенівського району";"транспортування тепла";50961;53091;4.17966680402662;"2021-11-08"
"ФК \МТМ\ Вознесенівського району";"загальновиробничі";358;358;0;"2021-11-08"
"ФК \МТМ\ Хортицького району";"виробництво тепла";7567;9370.99999999985;23.8403594555287;"2021-11-08"
"ФК \МТМ\ Хортицького району";"транспортування тепла";25123;30963;23.2456314930542;"2021-11-08"
"ФК \МТМ\ Хортицького району";"загальновиробничі";456;456;0;"2021-11-08"
"ФК \МТМ\ Шевченківського район";"виробництво тепла";5781;7410.00000000022;28.1785158277152;"2021-11-08"
"ФК \МТМ\ Шевченківського район";"транспортування тепла";16987;22987;35.3211279213516;"2021-11-08"
"ФК \МТМ\ Шевченківського район";"загальновиробничі";265;265;0;"2021-11-08"
"ФК \МТМ\ Олександрівського району";"виробництво тепла";4687;5611.8;19.7311713249413;"2021-11-09"
"ФК \МТМ\ Олександрівського району";"транспортування тепла";12786;13021;1.83794775535742;"2021-11-09"
"ФК \МТМ\ Олександрівського району";"загальновиробничі";208;208;0;"2021-11-09"
"ФК \МТМ\ Заводського району";"виробництво тепла";2308;2963.2;28.3882149046794;"2021-11-09"
"ФК \МТМ\ Заводського району";"транспортування тепла";7876;10248;30.1168105637379;"2021-11-09"
"ФК \МТМ\ Заводського району";"загальновиробничі";522;522;0;"2021-11-09"
"ФК \МТМ\ Комунарського району";"виробництво тепла";5276;6792.8;28.7490523123578;"2021-11-09"
"ФК \МТМ\ Комунарського району";"транспортування тепла";10725;15376;43.3659673659674;"2021-11-09"
"ФК \МТМ\ Комунарського району";"загальновиробничі";552;522;-5.43478260869565;"2021-11-09"
"ФК \МТМ\ Дніпровського району";"виробництво тепла";6537;7675.2;17.4116567232676;"2021-11-09"
"ФК \МТМ\ Дніпровського району";"транспортування тепла";35214;38856;10.3424774237519;"2021-11-09"
"ФК \МТМ\ Дніпровського району";"загальновиробничі";260;260;0;"2021-11-09"
"ФК \МТМ\ Вознесенівського району";"виробництво тепла";9078;13699;50.9032826613792;"2021-11-09"
"ФК \МТМ\ Вознесенівського району";"транспортування тепла";50961;54567;7.07599929357745;"2021-11-09"
"ФК \МТМ\ Вознесенівського району";"загальновиробничі";358;358;0;"2021-11-09"
"ФК \МТМ\ Хортицького району";"виробництво тепла";7567;9851;30.1836923483547;"2021-11-09"
"ФК \МТМ\ Хортицького району";"транспортування тепла";25123;30963;23.2456314930542;"2021-11-09"
"ФК \МТМ\ Хортицького району";"загальновиробничі";456;456;0;"2021-11-09"
"ФК \МТМ\ Шевченківського район";"виробництво тепла";5781;7101.99999999983;22.8507178688779;"2021-11-09"
"ФК \МТМ\ Шевченківського район";"транспортування тепла";16987;18987;11.7737093071172;"2021-11-09"
"ФК \МТМ\ Шевченківського район";"загальновиробничі";265;265;0;"2021-11-09"
"ФК \МТМ\ Олександрівського району";"виробництво тепла";4687;5914.8;26.1958608918284;"2021-11-10"
"ФК \МТМ\ Олександрівського району";"транспортування тепла";13905;14132;1.63250629270046;"2021-11-10"
"ФК \МТМ\ Олександрівського району";"загальновиробничі";208;208;0;"2021-11-10"
"ФК \МТМ\ Заводського району";"виробництво тепла";2308;3127.6;35.5112651646447;"2021-11-10"
"ФК \МТМ\ Заводського району";"транспортування тепла";7876;10248;30.1168105637379;"2021-11-10"
"ФК \МТМ\ Заводського району";"загальновиробничі";522;522;0;"2021-11-10"
"ФК \МТМ\ Комунарського району";"виробництво тепла";5276;6815.6;29.1811978771797;"2021-11-10"
"ФК \МТМ\ Комунарського району";"транспортування тепла";10725;15376;43.3659673659674;"2021-11-10"
"ФК \МТМ\ Комунарського району";"загальновиробничі";552;522;-5.43478260869565;"2021-11-10"
"ФК \МТМ\ Дніпровського району";"виробництво тепла";6537;7898.19999999995;20.8230074957925;"2021-11-10"
"ФК \МТМ\ Дніпровського району";"транспортування тепла";35214;38856;10.3424774237519;"2021-11-10"
"ФК \МТМ\ Дніпровського району";"загальновиробничі";260;260;0;"2021-11-10"
"ФК \МТМ\ Вознесенівського району";"виробництво тепла";9078;14190.9;56.3218770654329;"2021-11-10"
"ФК \МТМ\ Вознесенівського району";"транспортування тепла";53234;55720;4.66994777773604;"2021-11-10"
"ФК \МТМ\ Вознесенівського району";"загальновиробничі";358;358;0;"2021-11-10"
"ФК \МТМ\ Хортицького району";"виробництво тепла";7567;11691;54.4998017708471;"2021-11-10"
"ФК \МТМ\ Хортицького району";"транспортування тепла";25475;30963;21.5426889106968;"2021-11-10"
"ФК \МТМ\ Хортицького району";"загальновиробничі";456;456;0;"2021-11-10"
"ФК \МТМ\ Шевченківського район";"виробництво тепла";5781;7425.99999999997;28.455284552845;"2021-11-10"
"ФК \МТМ\ Шевченківського район";"транспортування тепла";16987;18987;11.7737093071172;"2021-11-10"
"ФК \МТМ\ Шевченківського район";"загальновиробничі";265;265;0;"2021-11-10"
"ФК \МТМ\ Олександрівського району";"виробництво тепла";4687;6082.6;29.7759761041178;"2021-11-11"
"ФК \МТМ\ Олександрівського району";"транспортування тепла";18445;18145;-1.62645703442668;"2021-11-11"
"ФК \МТМ\ Олександрівського району";"загальновиробничі";208;208;0;"2021-11-11"
"ФК \МТМ\ Заводського району";"виробництво тепла";2308;3270.4;41.6984402079723;"2021-11-11"
"ФК \МТМ\ Заводського району";"транспортування тепла";8295;10248;23.5443037974683;"2021-11-11"
"ФК \МТМ\ Заводського району";"загальновиробничі";522;522;0;"2021-11-11"
"ФК \МТМ\ Комунарського району";"виробництво тепла";5276;6881;30.420773313116;"2021-11-11"
"ФК \МТМ\ Комунарського району";"транспортування тепла";10872;15376;41.4275202354673;"2021-11-11"
"ФК \МТМ\ Комунарського району";"загальновиробничі";552;522;-5.43478260869565;"2021-11-11"
"ФК \МТМ\ Дніпровського району";"виробництво тепла";6537;7861.39999999999;20.2600581306408;"2021-11-11"
"ФК \МТМ\ Дніпровського району";"транспортування тепла";35214;38856;10.3424774237519;"2021-11-11"
"ФК \МТМ\ Дніпровського району";"загальновиробничі";260;260;0;"2021-11-11"
"ФК \МТМ\ Вознесенівського району";"виробництво тепла";9078;14600.4;60.8327825512227;"2021-11-11"
"ФК \МТМ\ Вознесенівського району";"транспортування тепла";58234;59720;2.55177387780334;"2021-11-11"
"ФК \МТМ\ Вознесенівського району";"загальновиробничі";358;358;0;"2021-11-11"
"ФК \МТМ\ Хортицького району";"виробництво тепла";7567;10019;32.4038588608431;"2021-11-11"
"ФК \МТМ\ Хортицького району";"транспортування тепла";25475;30963;21.5426889106968;"2021-11-11"
"ФК \МТМ\ Хортицького району";"загальновиробничі";456;456;0;"2021-11-11"
"ФК \МТМ\ Шевченківського район";"виробництво тепла";5781;7401.00000000013;28.0228334198259;"2021-11-11"
"ФК \МТМ\ Шевченківського район";"транспортування тепла";14532;16789;15.5312413982934;"2021-11-11"
"ФК \МТМ\ Шевченківського район";"загальновиробничі";265;265;0;"2021-11-11"
"ФК \МТМ\ Олександрівського району";"виробництво тепла";6996;7156.00000000008;2.28702115494683;"2021-12-10"
"ФК \МТМ\ Олександрівського району";"транспортування тепла";43532.7455583652;43597;0.147600250824187;"2021-12-10"
"ФК \МТМ\ Олександрівського району";"загальновиробничі";208;208;0;"2021-12-10"
"ФК \МТМ\ Заводського району";"виробництво тепла";4671;4706;0.749304217512314;"2021-12-10"
"ФК \МТМ\ Заводського району";"транспортування тепла";10123;10190;0.661859132668186;"2021-12-10"
"ФК \МТМ\ Заводського району";"загальновиробничі";522;522;0;"2021-12-10"
"ФК \МТМ\ Комунарського району";"виробництво тепла";11678;11924.2000000002;2.108237711939;"2021-12-10"
"ФК \МТМ\ Комунарського району";"транспортування тепла";15672;16145;3.0181214905564;"2021-12-10"
"ФК \МТМ\ Комунарського району";"загальновиробничі";552;522;-5.43478260869565;"2021-12-10"
"ФК \МТМ\ Дніпровського району";"виробництво тепла";7087;7166;1.11471708762523;"2021-12-10"
"ФК \МТМ\ Дніпровського району";"транспортування тепла";39076;40190;2.85085474460027;"2021-12-10"
"ФК \МТМ\ Дніпровського району";"загальновиробничі";260;260;0;"2021-12-10"
"ФК \МТМ\ Вознесенівського району";"виробництво тепла";9882;10085.7;2.06132361870064;"2021-12-10"
"ФК \МТМ\ Вознесенівського району";"транспортування тепла";65132;66456;2.03279493950745;"2021-12-10"
"ФК \МТМ\ Вознесенівського району";"загальновиробничі";358;358;0;"2021-12-10"
"ФК \МТМ\ Хортицького району";"виробництво тепла";4128;4243;2.78585271317831;"2021-12-10"
"ФК \МТМ\ Хортицького району";"транспортування тепла";29974;30963;3.2995262560886;"2021-12-10"
"ФК \МТМ\ Хортицького району";"загальновиробничі";456;456;0;"2021-12-10"
"ФК \МТМ\ Шевченківського район";"виробництво тепла";5563;5567.99999999991;0.0898795613861747;"2021-12-10"
"ФК \МТМ\ Шевченківського район";"транспортування тепла";21826;21892;0.302391642994593;"2021-12-10"
"ФК \МТМ\ Шевченківського район";"загальновиробничі";265;265;0;"2021-12-10"
"ФК \МТМ\ Олександрівського району";"виробництво тепла";6696;6835.99999999992;2.09080047789605;"2021-12-11"
"ФК \МТМ\ Олександрівського району";"транспортування тепла";43532.7455583652;43597;0.147600250824187;"2021-12-11"
"ФК \МТМ\ Олександрівського району";"загальновиробничі";208;208;0;"2021-12-11"
"ФК \МТМ\ Заводського району";"виробництво тепла";4671;4706;0.749304217512314;"2021-12-11"
"ФК \МТМ\ Заводського району";"транспортування тепла";10123;10190;0.661859132668186;"2021-12-11"
"ФК \МТМ\ Заводського району";"загальновиробничі";522;522;0;"2021-12-11"
"ФК \МТМ\ Комунарського району";"виробництво тепла";11678;11924.2000000002;2.108237711939;"2021-12-11"
"ФК \МТМ\ Комунарського району";"транспортування тепла";15672;16145;3.0181214905564;"2021-12-11"
"ФК \МТМ\ Комунарського району";"загальновиробничі";552;522;-5.43478260869565;"2021-12-11"
"ФК \МТМ\ Дніпровського району";"виробництво тепла";9387;9547.2;1.70661553211886;"2021-12-11"
"ФК \МТМ\ Дніпровського району";"транспортування тепла";39076;40190;2.85085474460027;"2021-12-11"
"ФК \МТМ\ Дніпровського району";"загальновиробничі";260;260;0;"2021-12-11"
"ФК \МТМ\ Вознесенівського району";"виробництво тепла";9882;10085.7;2.06132361870064;"2021-12-11"
"ФК \МТМ\ Вознесенівського району";"транспортування тепла";65132;66456;2.03279493950745;"2021-12-11"
"ФК \МТМ\ Вознесенівського району";"загальновиробничі";358;358;0;"2021-12-11"
"ФК \МТМ\ Хортицького району";"виробництво тепла";4928;5042.9999999992;2.33360389608765;"2021-12-11"
"ФК \МТМ\ Хортицького району";"транспортування тепла";29974;30963;3.2995262560886;"2021-12-11"
"ФК \МТМ\ Хортицького району";"загальновиробничі";456;456;0;"2021-12-11"
"ФК \МТМ\ Шевченківського район";"виробництво тепла";5563;5642.99999999984;1.43807298220091;"2021-12-11"
"ФК \МТМ\ Шевченківського район";"транспортування тепла";21826;21892;0.302391642994593;"2021-12-11"
"ФК \МТМ\ Шевченківського район";"загальновиробничі";265;265;0;"2021-12-11"
"ФК \МТМ\ Олександрівського району";"виробництво тепла";9036;9119.99999999992;0.929614873837092;"2021-12-12"
"ФК \МТМ\ Олександрівського району";"транспортування тепла";43532.7455583652;43597;0.147600250824187;"2021-12-12"
"ФК \МТМ\ Олександрівського району";"загальновиробничі";208;208;0;"2021-12-12"
"ФК \МТМ\ Заводського району";"виробництво тепла";4671;4792.4;2.59901520017125;"2021-12-12"
"ФК \МТМ\ Заводського району";"транспортування тепла";10123;10190;0.661859132668186;"2021-12-12"
"ФК \МТМ\ Заводського району";"загальновиробничі";522;522;0;"2021-12-12"
"ФК \МТМ\ Комунарського району";"виробництво тепла";11678;12104.8;3.65473539989727;"2021-12-12"
"ФК \МТМ\ Комунарського району";"транспортування тепла";15672;16145;3.0181214905564;"2021-12-12"
"ФК \МТМ\ Комунарського району";"загальновиробничі";552;522;-5.43478260869565;"2021-12-12"
"ФК \МТМ\ Дніпровського району";"виробництво тепла";9387;9635.59999999998;2.64834345371241;"2021-12-12"
"ФК \МТМ\ Дніпровського району";"транспортування тепла";39076;40190;2.85085474460027;"2021-12-12"
"ФК \МТМ\ Дніпровського району";"загальновиробничі";260;260;0;"2021-12-12"
"ФК \МТМ\ Вознесенівського району";"виробництво тепла";10982;11283.2;2.74266982334728;"2021-12-12"
"ФК \МТМ\ Вознесенівського району";"транспортування тепла";65132;66456;2.03279493950745;"2021-12-12"
"ФК \МТМ\ Вознесенівського району";"загальновиробничі";358;358;0;"2021-12-12"
"ФК \МТМ\ Хортицького району";"виробництво тепла";8442;8563;1.43330964226487;"2021-12-12"
"ФК \МТМ\ Хортицького району";"транспортування тепла";29974;30963;3.2995262560886;"2021-12-12"
"ФК \МТМ\ Хортицького району";"загальновиробничі";456;456;0;"2021-12-12"
"ФК \МТМ\ Шевченківського район";"виробництво тепла";5663;5730;1.18311848843375;"2021-12-12"
"ФК \МТМ\ Шевченківського район";"транспортування тепла";21826;21892;0.302391642994593;"2021-12-12"
"ФК \МТМ\ Шевченківського район";"загальновиробничі";265;265;0;"2021-12-12"
"ФК \МТМ\ Олександрівського району";"виробництво тепла";9736;9969.60000000001;2.39934264585051;"2021-12-13"
"ФК \МТМ\ Олександрівського району";"транспортування тепла";43532.7455583652;43597;0.147600250824187;"2021-12-13"
"ФК \МТМ\ Олександрівського району";"загальновиробничі";208;208;0;"2021-12-13"
"ФК \МТМ\ Заводського району";"виробництво тепла";5071;5118.2;0.930782883060544;"2021-12-13"
"ФК \МТМ\ Заводського району";"транспортування тепла";10123;10190;0.661859132668186;"2021-12-13"
"ФК \МТМ\ Заводського району";"загальновиробничі";522;522;0;"2021-12-13"
"ФК \МТМ\ Комунарського району";"виробництво тепла";11920;12242.8;2.70805369127516;"2021-12-13"
"ФК \МТМ\ Комунарського району";"транспортування тепла";15672;16145;3.0181214905564;"2021-12-13"
"ФК \МТМ\ Комунарського району";"загальновиробничі";552;522;-5.43478260869565;"2021-12-13"
"ФК \МТМ\ Дніпровського району";"виробництво тепла";7989;8236.8;3.10176492677434;"2021-12-13"
"ФК \МТМ\ Дніпровського району";"транспортування тепла";39076;40190;2.85085474460027;"2021-12-13"
"ФК \МТМ\ Дніпровського району";"загальновиробничі";260;260;0;"2021-12-13"
"ФК \МТМ\ Вознесенівського району";"виробництво тепла";12982;13371.3;2.99876752426438;"2021-12-13"
"ФК \МТМ\ Вознесенівського району";"транспортування тепла";65132;66456;2.03279493950745;"2021-12-13"
"ФК \МТМ\ Вознесенівського району";"загальновиробничі";358;358;0;"2021-12-13"
"ФК \МТМ\ Хортицького району";"виробництво тепла";9276;9467;2.05907718844329;"2021-12-13"
"ФК \МТМ\ Хортицького району";"транспортування тепла";29974;30963;3.2995262560886;"2021-12-13"
"ФК \МТМ\ Хортицького району";"загальновиробничі";456;456;0;"2021-12-13"
"ФК \МТМ\ Шевченківського район";"виробництво тепла";5463;5525.99999999989;1.15321252059115;"2021-12-13"
"ФК \МТМ\ Шевченківського район";"транспортування тепла";21826;21892;0.302391642994593;"2021-12-13"
"ФК \МТМ\ Шевченківського район";"загальновиробничі";265;265;0;"2021-12-13"
"ФК \МТМ\ Олександрівського району";"виробництво тепла";9786;9884.00000000008;1.00143061516533;"2021-12-14"
"ФК \МТМ\ Олександрівського району";"транспортування тепла";43532.7455583652;43597;0.147600250824187;"2021-12-14"
"ФК \МТМ\ Олександрівського району";"загальновиробничі";208;208;0;"2021-12-14"
"ФК \МТМ\ Заводського району";"виробництво тепла";5097;5158.4;1.20463017461252;"2021-12-14"
"ФК \МТМ\ Заводського району";"транспортування тепла";10123;10190;0.661859132668186;"2021-12-14"
"ФК \МТМ\ Заводського району";"загальновиробничі";522;522;0;"2021-12-14"
"ФК \МТМ\ Комунарського району";"виробництво тепла";11920;12143.2;1.87248322147651;"2021-12-14"
"ФК \МТМ\ Комунарського району";"транспортування тепла";15672;16145;3.0181214905564;"2021-12-14"
"ФК \МТМ\ Комунарського району";"загальновиробничі";552;522;-5.43478260869565;"2021-12-14"
"ФК \МТМ\ Дніпровського району";"виробництво тепла";7989;8624.2;7.95093253223187;"2021-12-14"
"ФК \МТМ\ Дніпровського району";"транспортування тепла";39076;40190;2.85085474460027;"2021-12-14"
"ФК \МТМ\ Дніпровського району";"загальновиробничі";260;260;0;"2021-12-14"
"ФК \МТМ\ Вознесенівського району";"виробництво тепла";13078;13549.3;3.60376204312589;"2021-12-14"
"ФК \МТМ\ Вознесенівського району";"транспортування тепла";65132;66456;2.03279493950745;"2021-12-14"
"ФК \МТМ\ Вознесенівського району";"загальновиробничі";358;358;0;"2021-12-14"
"ФК \МТМ\ Хортицького району";"виробництво тепла";8323;8507;2.21074131923584;"2021-12-14"
"ФК \МТМ\ Хортицького району";"транспортування тепла";29974;30963;3.2995262560886;"2021-12-14"
"ФК \МТМ\ Хортицького району";"загальновиробничі";456;456;0;"2021-12-14"
"ФК \МТМ\ Шевченківського район";"виробництво тепла";5463;5628.00000000029;3.02031850632061;"2021-12-14"
"ФК \МТМ\ Шевченківського район";"транспортування тепла";21826;21892;0.302391642994593;"2021-12-14"
"ФК \МТМ\ Шевченківського район";"загальновиробничі";265;265;0;"2021-12-14"
"ФК \МТМ\ Олександрівського району";"виробництво тепла";7386;7521.6;1.83590576766854;"2021-12-15"
"ФК \МТМ\ Олександрівського району";"транспортування тепла";43532.7455583652;43597;0.147600250824187;"2021-12-15"
"ФК \МТМ\ Олександрівського району";"загальновиробничі";208;208;0;"2021-12-15"
"ФК \МТМ\ Заводського району";"виробництво тепла";5097;5200.14;2.02354326074161;"2021-12-15"
"ФК \МТМ\ Заводського району";"транспортування тепла";10123;10190;0.661859132668186;"2021-12-15"
"ФК \МТМ\ Заводського району";"загальновиробничі";522;522;0;"2021-12-15"
"ФК \МТМ\ Комунарського району";"виробництво тепла";11920;12166;2.06375838926174;"2021-12-15"
"ФК \МТМ\ Комунарського району";"транспортування тепла";15672;16145;3.0181214905564;"2021-12-15"
"ФК \МТМ\ Комунарського району";"загальновиробничі";552;522;-5.43478260869565;"2021-12-15"
"ФК \МТМ\ Дніпровського району";"виробництво тепла";7496;7623.39999999999;1.69957310565627;"2021-12-15"
"ФК \МТМ\ Дніпровського району";"транспортування тепла";39076;40190;2.85085474460027;"2021-12-15"
"ФК \МТМ\ Дніпровського району";"загальновиробничі";260;260;0;"2021-12-15"
"ФК \МТМ\ Вознесенівського району";"виробництво тепла";13078;13640.41;4.3004282000306;"2021-12-15"
"ФК \МТМ\ Вознесенівського району";"транспортування тепла";65132;66456;2.03279493950745;"2021-12-15"
"ФК \МТМ\ Вознесенівського району";"загальновиробничі";358;358;0;"2021-12-15"
"ФК \МТМ\ Хортицького району";"виробництво тепла";8323;8667;4.13312507509311;"2021-12-15"
"ФК \МТМ\ Хортицького району";"транспортування тепла";29974;30963;3.2995262560886;"2021-12-15"
"ФК \МТМ\ Хортицького району";"загальновиробничі";456;456;0;"2021-12-15"
"ФК \МТМ\ Шевченківського район";"виробництво тепла";5463;5543.99999999981;1.48270181218764;"2021-12-15"
"ФК \МТМ\ Шевченківського район";"транспортування тепла";21826;21892;0.302391642994593;"2021-12-15"
"ФК \МТМ\ Шевченківського район";"загальновиробничі";265;265;0;"2021-12-15"
"ФК \МТМ\ Олександрівського району";"виробництво тепла";7586;7754.7;2.22383337727399;"2021-12-16"
"ФК \МТМ\ Олександрівського району";"транспортування тепла";43532.7455583652;43597;0.147600250824187;"2021-12-16"
"ФК \МТМ\ Олександрівського району";"загальновиробничі";208;208;0;"2021-12-16"
"ФК \МТМ\ Заводського району";"виробництво тепла";5297;5310.05;0.246365867472131;"2021-12-16"
"ФК \МТМ\ Заводського району";"транспортування тепла";10123;10190;0.661859132668186;"2021-12-16"
"ФК \МТМ\ Заводського району";"загальновиробничі";522;522;0;"2021-12-16"
"ФК \МТМ\ Комунарського району";"виробництво тепла";11920;12328;3.4228187919463;"2021-12-16"
"ФК \МТМ\ Комунарського району";"транспортування тепла";15672;16145;3.0181214905564;"2021-12-16"
"ФК \МТМ\ Комунарського району";"загальновиробничі";552;522;-5.43478260869565;"2021-12-16"
"ФК \МТМ\ Дніпровського району";"виробництво тепла";7496;8006.80000000001;6.81430096051241;"2021-12-16"
"ФК \МТМ\ Дніпровського району";"транспортування тепла";39076;40190;2.85085474460027;"2021-12-16"
"ФК \МТМ\ Дніпровського району";"загальновиробничі";260;260;0;"2021-12-16"
"ФК \МТМ\ Вознесенівського району";"виробництво тепла";14695;14142.57;-3.75930588635586;"2021-12-16"
"ФК \МТМ\ Вознесенівського району";"транспортування тепла";65132;66456;2.03279493950745;"2021-12-16"
"ФК \МТМ\ Вознесенівського району";"загальновиробничі";358;358;0;"2021-12-16"
"ФК \МТМ\ Хортицького району";"виробництво тепла";8223;8403;2.18898212331267;"2021-12-16"
"ФК \МТМ\ Хортицького району";"транспортування тепла";29974;30963;3.2995262560886;"2021-12-16"
"ФК \МТМ\ Хортицького району";"загальновиробничі";456;456;0;"2021-12-16"
"ФК \МТМ\ Шевченківського район";"виробництво тепла";5463;5709.0000000002;4.50302031850991;"2021-12-16"
"ФК \МТМ\ Шевченківського район";"транспортування тепла";21826;21892;0.302391642994593;"2021-12-16"
"ФК \МТМ\ Шевченківського район";"загальновиробничі";265;265;0;"2021-12-16"
"ФК \МТМ\ Олександрівського району";"виробництво тепла";6924;7002.39999999999;1.13229347198143;"2021-12-17"
"ФК \МТМ\ Олександрівського району";"транспортування тепла";43532.7455583652;43597;0.147600250824187;"2021-12-17"
"ФК \МТМ\ Олександрівського району";"загальновиробничі";208;208;0;"2021-12-17"
"ФК \МТМ\ Заводського району";"виробництво тепла";5297;5357.71;1.14612044553519;"2021-12-17"
"ФК \МТМ\ Заводського району";"транспортування тепла";10123;10190;0.661859132668186;"2021-12-17"
"ФК \МТМ\ Заводського району";"загальновиробничі";522;522;0;"2021-12-17"
"ФК \МТМ\ Комунарського району";"виробництво тепла";12120;12440.8;2.64686468646866;"2021-12-17"
"ФК \МТМ\ Комунарського району";"транспортування тепла";15672;16145;3.0181214905564;"2021-12-17"
"ФК \МТМ\ Комунарського району";"загальновиробничі";552;522;-5.43478260869565;"2021-12-17"
"ФК \МТМ\ Дніпровського району";"виробництво тепла";7596;7744.4;1.95365982095841;"2021-12-17"
"ФК \МТМ\ Дніпровського району";"транспортування тепла";39076;40190;2.85085474460027;"2021-12-17"
"ФК \МТМ\ Дніпровського району";"загальновиробничі";260;260;0;"2021-12-17"
"ФК \МТМ\ Вознесенівського району";"виробництво тепла";13695;14092.6500000002;2.90361445783245;"2021-12-17"
"ФК \МТМ\ Вознесенівського району";"транспортування тепла";65132;66456;2.03279493950745;"2021-12-17"
"ФК \МТМ\ Вознесенівського району";"загальновиробничі";358;358;0;"2021-12-17"
"ФК \МТМ\ Хортицького району";"виробництво тепла";9223;9523;3.2527377209151;"2021-12-17"
"ФК \МТМ\ Хортицького району";"транспортування тепла";29974;30963;3.2995262560886;"2021-12-17"
"ФК \МТМ\ Хортицького району";"загальновиробничі";456;456;0;"2021-12-17"
"ФК \МТМ\ Шевченківського район";"виробництво тепла";5463;5570.99999999983;1.97693574958502;"2021-12-17"
"ФК \МТМ\ Шевченківського район";"транспортування тепла";21826;21892;0.302391642994593;"2021-12-17"
"ФК \МТМ\ Шевченківського район";"загальновиробничі";265;265;0;"2021-12-17"
"ФК \МТМ\ Олександрівського району";"виробництво тепла";4592;4693.69;2.21450348432044;"2021-12-18"
"ФК \МТМ\ Олександрівського району";"транспортування тепла";43532.7455583652;43597;0.147600250824187;"2021-12-18"
"ФК \МТМ\ Олександрівського району";"загальновиробничі";208;208;0;"2021-12-18"
"ФК \МТМ\ Заводського району";"виробництво тепла";5197;5266.26;1.33269193765631;"2021-12-18"
"ФК \МТМ\ Заводського району";"транспортування тепла";10123;10190;0.661859132668186;"2021-12-18"
"ФК \МТМ\ Заводського району";"загальновиробничі";522;522;0;"2021-12-18"
"ФК \МТМ\ Комунарського району";"виробництво тепла";11920;12205.6;2.39597315436244;"2021-12-18"
"ФК \МТМ\ Комунарського району";"транспортування тепла";15672;16145;3.0181214905564;"2021-12-18"
"ФК \МТМ\ Комунарського району";"загальновиробничі";552;522;-5.43478260869565;"2021-12-18"
"ФК \МТМ\ Дніпровського району";"виробництво тепла";7496;7580.8;1.13127001067239;"2021-12-18"
"ФК \МТМ\ Дніпровського району";"транспортування тепла";39076;40190;2.85085474460027;"2021-12-18"
"ФК \МТМ\ Дніпровського району";"загальновиробничі";260;260;0;"2021-12-18"
"ФК \МТМ\ Вознесенівського району";"виробництво тепла";12895;13423.7;4.10003877471852;"2021-12-18"
"ФК \МТМ\ Вознесенівського району";"транспортування тепла";65132;66456;2.03279493950745;"2021-12-18"
"ФК \МТМ\ Вознесенівського району";"загальновиробничі";358;358;0;"2021-12-18"
"ФК \МТМ\ Хортицького району";"виробництво тепла";9923;10163;2.4186234001814;"2021-12-18"
"ФК \МТМ\ Хортицького району";"транспортування тепла";29974;30963;3.2995262560886;"2021-12-18"
"ФК \МТМ\ Хортицького району";"загальновиробничі";456;456;0;"2021-12-18"
"ФК \МТМ\ Шевченківського район";"виробництво тепла";5463;5556;1.70236133992319;"2021-12-18"
"ФК \МТМ\ Шевченківського район";"транспортування тепла";21826;21892;0.302391642994593;"2021-12-18"
"ФК \МТМ\ Шевченківського район";"загальновиробничі";265;265;0;"2021-12-18"
"ФК \МТМ\ Олександрівського району";"виробництво тепла";6572;6757.24;2.81862446743759;"2021-12-19"
"ФК \МТМ\ Олександрівського району";"транспортування тепла";43532.7455583652;43597;0.147600250824187;"2021-12-19"
"ФК \МТМ\ Олександрівського району";"загальновиробничі";208;208;0;"2021-12-19"
"ФК \МТМ\ Заводського району";"виробництво тепла";5197;5292.07;1.82932461035212;"2021-12-19"
"ФК \МТМ\ Заводського району";"транспортування тепла";10123;10190;0.661859132668186;"2021-12-19"
"ФК \МТМ\ Заводського району";"загальновиробничі";522;522;0;"2021-12-19"
"ФК \МТМ\ Комунарського району";"виробництво тепла";11920;12308.8;3.26174496644294;"2021-12-19"
"ФК \МТМ\ Комунарського району";"транспортування тепла";15672;16145;3.0181214905564;"2021-12-19"
"ФК \МТМ\ Комунарського району";"загальновиробничі";552;522;-5.43478260869565;"2021-12-19"
"ФК \МТМ\ Дніпровського району";"виробництво тепла";7496;7791.6;3.94343649946636;"2021-12-19"
"ФК \МТМ\ Дніпровського району";"транспортування тепла";39076;40190;2.85085474460027;"2021-12-19"
"ФК \МТМ\ Дніпровського району";"загальновиробничі";260;260;0;"2021-12-19"
"ФК \МТМ\ Вознесенівського району";"виробництво тепла";12895;13401.82;3.93036060488567;"2021-12-19"
"ФК \МТМ\ Вознесенівського району";"транспортування тепла";65132;66456;2.03279493950745;"2021-12-19"
"ФК \МТМ\ Вознесенівського району";"загальновиробничі";358;358;0;"2021-12-19"
"ФК \МТМ\ Хортицького району";"виробництво тепла";9923;10403;4.83724680036279;"2021-12-19"
"ФК \МТМ\ Хортицького району";"транспортування тепла";29974;30963;3.2995262560886;"2021-12-19"
"ФК \МТМ\ Хортицького району";"загальновиробничі";456;456;0;"2021-12-19"
"ФК \МТМ\ Шевченківського район";"виробництво тепла";5463;5679;3.95387149917621;"2021-12-19"
"ФК \МТМ\ Шевченківського район";"транспортування тепла";21826;21892;0.302391642994593;"2021-12-19"
"ФК \МТМ\ Шевченківського район";"загальновиробничі";265;265;0;"2021-12-19"
"ФК \МТМ\ Олександрівського району";"виробництво тепла";7872;8019.2;1.86991869918696;"2021-12-20"
"ФК \МТМ\ Олександрівського району";"транспортування тепла";43532.7455583652;43597;0.147600250824187;"2021-12-20"
"ФК \МТМ\ Олександрівського району";"загальновиробничі";208;208;0;"2021-12-20"
"ФК \МТМ\ Заводського району";"виробництво тепла";5197;5239.28;0.813546276698118;"2021-12-20"
"ФК \МТМ\ Заводського району";"транспортування тепла";10123;10190;0.661859132668186;"2021-12-20"
"ФК \МТМ\ Заводського району";"загальновиробничі";522;522;0;"2021-12-20"
"ФК \МТМ\ Комунарського району";"виробництво тепла";12320;12931.6;4.96428571428573;"2021-12-20"
"ФК \МТМ\ Комунарського району";"транспортування тепла";15672;16145;3.0181214905564;"2021-12-20"
"ФК \МТМ\ Комунарського району";"загальновиробничі";552;522;-5.43478260869565;"2021-12-20"
"ФК \МТМ\ Дніпровського району";"виробництво тепла";7496;7843;4.6291355389541;"2021-12-20"
"ФК \МТМ\ Дніпровського району";"транспортування тепла";39076;40190;2.85085474460027;"2021-12-20"
"ФК \МТМ\ Дніпровського району";"загальновиробничі";260;260;0;"2021-12-20"
"ФК \МТМ\ Вознесенівського району";"виробництво тепла";12895;13823.08;7.19720822024041;"2021-12-20"
"ФК \МТМ\ Вознесенівського району";"транспортування тепла";65132;66456;2.03279493950745;"2021-12-20"
"ФК \МТМ\ Вознесенівського району";"загальновиробничі";358;358;0;"2021-12-20"
"ФК \МТМ\ Хортицького району";"виробництво тепла";9998;10483;4.85097019403882;"2021-12-20"
"ФК \МТМ\ Хортицького району";"транспортування тепла";29974;30963;3.2995262560886;"2021-12-20"
"ФК \МТМ\ Хортицького району";"загальновиробничі";456;456;0;"2021-12-20"
"ФК \МТМ\ Шевченківського район";"виробництво тепла";5615;5700.00000000002;1.51380231522746;"2021-12-20"
"ФК \МТМ\ Шевченківського район";"транспортування тепла";21826;21892;0.302391642994593;"2021-12-20"
"ФК \МТМ\ Шевченківського район";"загальновиробничі";265;265;0;"2021-12-20"
"ФК \МТМ\ Олександрівського району";"виробництво тепла";8612;8782.10000000001;1.97515095215985;"2021-12-21"
"ФК \МТМ\ Олександрівського району";"транспортування тепла";43532.7455583652;43597;0.147600250824187;"2021-12-21"
"ФК \МТМ\ Олександрівського району";"загальновиробничі";208;208;0;"2021-12-21"
"ФК \МТМ\ Заводського району";"виробництво тепла";5197;5315.33;2.27689051375795;"2021-12-21"
"ФК \МТМ\ Заводського району";"транспортування тепла";10123;10190;0.661859132668186;"2021-12-21"
"ФК \МТМ\ Заводського району";"загальновиробничі";522;522;0;"2021-12-21"
"ФК \МТМ\ Комунарського району";"виробництво тепла";12920;13661.2;5.73684210526317;"2021-12-21"
"ФК \МТМ\ Комунарського району";"транспортування тепла";15672;16145;3.0181214905564;"2021-12-21"
"ФК \МТМ\ Комунарського району";"загальновиробничі";552;522;-5.43478260869565;"2021-12-21"
"ФК \МТМ\ Дніпровського району";"виробництво тепла";7972;8338.8;4.60110386352237;"2021-12-21"
"ФК \МТМ\ Дніпровського району";"транспортування тепла";39076;40190;2.85085474460027;"2021-12-21"
"ФК \МТМ\ Дніпровського району";"загальновиробничі";260;260;0;"2021-12-21"
"ФК \МТМ\ Вознесенівського району";"виробництво тепла";13390;14583.33;8.91209858103064;"2021-12-21"
"ФК \МТМ\ Вознесенівського району";"транспортування тепла";65132;66456;2.03279493950745;"2021-12-21"
"ФК \МТМ\ Вознесенівського району";"загальновиробничі";358;358;0;"2021-12-21"
"ФК \МТМ\ Хортицького району";"виробництво тепла";10798;11523;6.71420633450639;"2021-12-21"
"ФК \МТМ\ Хортицького району";"транспортування тепла";29974;30963;3.2995262560886;"2021-12-21"
"ФК \МТМ\ Хортицького району";"загальновиробничі";456;456;0;"2021-12-21"
"ФК \МТМ\ Шевченківського район";"виробництво тепла";6215;6477.00000000003;4.21560740144853;"2021-12-21"
"ФК \МТМ\ Шевченківського район";"транспортування тепла";21826;21892;0.302391642994593;"2021-12-21"
"ФК \МТМ\ Шевченківського район";"загальновиробничі";265;265;0;"2021-12-21"
"ФК \МТМ\ Олександрівського району";"виробництво тепла";8912;9384.8;5.30520646319572;"2021-12-22"
"ФК \МТМ\ Олександрівського району";"транспортування тепла";43532.7455583652;43597;0.147600250824187;"2021-12-22"
"ФК \МТМ\ Олександрівського району";"загальновиробничі";208;208;0;"2021-12-22"
"ФК \МТМ\ Заводського району";"виробництво тепла";6721;6913.36;2.86207409611661;"2021-12-22"
"ФК \МТМ\ Заводського району";"транспортування тепла";10123;10190;0.661859132668186;"2021-12-22"
"ФК \МТМ\ Заводського району";"загальновиробничі";522;522;0;"2021-12-22"
"ФК \МТМ\ Комунарського району";"виробництво тепла";13780;14678.2;6.51814223512337;"2021-12-22"
"ФК \МТМ\ Комунарського району";"транспортування тепла";15672;16145;3.0181214905564;"2021-12-22"
"ФК \МТМ\ Комунарського району";"загальновиробничі";552;522;-5.43478260869565;"2021-12-22"
"ФК \МТМ\ Дніпровського району";"виробництво тепла";9844;10242;4.04307192198294;"2021-12-22"
"ФК \МТМ\ Дніпровського району";"транспортування тепла";39076;40190;2.85085474460027;"2021-12-22"
"ФК \МТМ\ Дніпровського району";"загальновиробничі";260;260;0;"2021-12-22"
"ФК \МТМ\ Вознесенівського району";"виробництво тепла";14098;14757.23;4.67605334089949;"2021-12-22"
"ФК \МТМ\ Вознесенівського району";"транспортування тепла";65132;66456;2.03279493950745;"2021-12-22"
"ФК \МТМ\ Вознесенівського району";"загальновиробничі";358;358;0;"2021-12-22"
"ФК \МТМ\ Хортицького району";"виробництво тепла";12972;13843;6.71446191797718;"2021-12-22"
"ФК \МТМ\ Хортицького району";"транспортування тепла";29974;30963;3.2995262560886;"2021-12-22"
"ФК \МТМ\ Хортицького району";"загальновиробничі";456;456;0;"2021-12-22"
"ФК \МТМ\ Шевченківського район";"виробництво тепла";7925;8249.99999999997;4.10094637223943;"2021-12-22"
"ФК \МТМ\ Шевченківського район";"транспортування тепла";21826;21892;0.302391642994593;"2021-12-22"
"ФК \МТМ\ Шевченківського район";"загальновиробничі";265;265;0;"2021-12-22"
"ФК \МТМ\ Олександрівського району";"виробництво тепла";9512;10066;5.8242220353238;"2021-12-23"
"ФК \МТМ\ Олександрівського району";"транспортування тепла";43532.7455583652;43597;0.147600250824187;"2021-12-23"
"ФК \МТМ\ Олександрівського району";"загальновиробничі";208;208;0;"2021-12-23"
"ФК \МТМ\ Заводського району";"виробництво тепла";7131;7340.89;2.94334595428409;"2021-12-23"
"ФК \МТМ\ Заводського району";"транспортування тепла";10123;10190;0.661859132668186;"2021-12-23"
"ФК \МТМ\ Заводського району";"загальновиробничі";522;522;0;"2021-12-23"
"ФК \МТМ\ Комунарського району";"виробництво тепла";13880;14816.2;6.74495677233427;"2021-12-23"
"ФК \МТМ\ Комунарського району";"транспортування тепла";15672;16145;3.0181214905564;"2021-12-23"
"ФК \МТМ\ Комунарського району";"загальновиробничі";552;522;-5.43478260869565;"2021-12-23"
"ФК \МТМ\ Дніпровського району";"виробництво тепла";10011;10694.2;6.82449305763657;"2021-12-23"
"ФК \МТМ\ Дніпровського району";"транспортування тепла";39076;40190;2.85085474460027;"2021-12-23"
"ФК \МТМ\ Дніпровського району";"загальновиробничі";260;260;0;"2021-12-23"
"ФК \МТМ\ Вознесенівського району";"виробництво тепла";14398;15169.56;5.35879983331016;"2021-12-23"
"ФК \МТМ\ Вознесенівського району";"транспортування тепла";65132;66456;2.03279493950745;"2021-12-23"
"ФК \МТМ\ Вознесенівського району";"загальновиробничі";358;358;0;"2021-12-23"
"ФК \МТМ\ Хортицького району";"виробництво тепла";11972;12803;6.94119612429001;"2021-12-23"
"ФК \МТМ\ Хортицького району";"транспортування тепла";29974;30963;3.2995262560886;"2021-12-23"
"ФК \МТМ\ Хортицького району";"загальновиробничі";456;456;0;"2021-12-23"
"ФК \МТМ\ Шевченківського район";"виробництво тепла";7925;8654.99999999998;9.2113564668767;"2021-12-23"
"ФК \МТМ\ Шевченківського район";"транспортування тепла";21826;21892;0.302391642994593;"2021-12-23"
"ФК \МТМ\ Шевченківського район";"загальновиробничі";265;265;0;"2021-12-23"
"ФК \МТМ\ Олександрівського району";"виробництво тепла";9932;10066;1.3491743858236;"2021-12-27"
"ФК \МТМ\ Олександрівського району";"транспортування тепла";43532.7455583652;43597;0.147600250824187;"2021-12-27"
"ФК \МТМ\ Олександрівського району";"загальновиробничі";208;208;0;"2021-12-27"
"ФК \МТМ\ Заводського району";"виробництво тепла";7131;7340.89;2.94334595428409;"2021-12-27"
"ФК \МТМ\ Заводського району";"транспортування тепла";10123;10190;0.661859132668186;"2021-12-27"
"ФК \МТМ\ Заводського району";"загальновиробничі";522;522;0;"2021-12-27"
"ФК \МТМ\ Комунарського району";"виробництво тепла";13880;14816.2;6.74495677233427;"2021-12-27"
"ФК \МТМ\ Комунарського району";"транспортування тепла";15672;16145;3.0181214905564;"2021-12-27"
"ФК \МТМ\ Комунарського району";"загальновиробничі";552;522;-5.43478260869565;"2021-12-27"
"ФК \МТМ\ Дніпровського району";"виробництво тепла";10112;10694.2;5.75751582278479;"2021-12-27"
"ФК \МТМ\ Дніпровського району";"транспортування тепла";39076;40190;2.85085474460027;"2021-12-27"
"ФК \МТМ\ Дніпровського району";"загальновиробничі";260;260;0;"2021-12-27"
"ФК \МТМ\ Вознесенівського району";"виробництво тепла";14398;15169.56;5.35879983331016;"2021-12-27"
"ФК \МТМ\ Вознесенівського району";"транспортування тепла";65132;66456;2.03279493950745;"2021-12-27"
"ФК \МТМ\ Вознесенівського району";"загальновиробничі";358;358;0;"2021-12-27"
"ФК \МТМ\ Хортицького району";"виробництво тепла";11972;12803;6.94119612429001;"2021-12-27"
"ФК \МТМ\ Хортицького району";"транспортування тепла";29974;30963;3.2995262560886;"2021-12-27"
"ФК \МТМ\ Хортицького району";"загальновиробничі";456;456;0;"2021-12-27"
"ФК \МТМ\ Шевченківського район";"виробництво тепла";8472;8753.99999999993;3.32861189801623;"2021-12-27"
"ФК \МТМ\ Шевченківського район";"транспортування тепла";21826;21892;0.302391642994593;"2021-12-27"
"ФК \МТМ\ Шевченківського район";"загальновиробничі";265;265;0;"2021-12-27"
"ФК \МТМ\ Олександрівського району";"виробництво тепла";8532;8652.4;1.4111579934365;"2021-12-28"
"ФК \МТМ\ Олександрівського району";"транспортування тепла";43532.7455583652;43597;0.147600250824187;"2021-12-28"
"ФК \МТМ\ Олександрівського району";"загальновиробничі";208;208;0;"2021-12-28"
"ФК \МТМ\ Заводського району";"виробництво тепла";6931;6976.11;0.650844034049936;"2021-12-28"
"ФК \МТМ\ Заводського району";"транспортування тепла";10123;10190;0.661859132668186;"2021-12-28"
"ФК \МТМ\ Заводського району";"загальновиробничі";522;522;0;"2021-12-28"
"ФК \МТМ\ Комунарського району";"виробництво тепла";13880;13923.9999999998;0.317002881842643;"2021-12-28"
"ФК \МТМ\ Комунарського району";"транспортування тепла";15672;16145;3.0181214905564;"2021-12-28"
"ФК \МТМ\ Комунарського району";"загальновиробничі";552;522;-5.43478260869565;"2021-12-28"
"ФК \МТМ\ Дніпровського району";"виробництво тепла";11112;11653;4.8686105111591;"2021-12-28"
"ФК \МТМ\ Дніпровського району";"транспортування тепла";39076;40190;2.85085474460027;"2021-12-28"
"ФК \МТМ\ Дніпровського району";"загальновиробничі";260;260;0;"2021-12-28"
"ФК \МТМ\ Вознесенівського району";"виробництво тепла";15978;16814.22;5.23357116034548;"2021-12-28"
"ФК \МТМ\ Вознесенівського району";"транспортування тепла";65132;66456;2.03279493950745;"2021-12-28"
"ФК \МТМ\ Вознесенівського району";"загальновиробничі";358;358;0;"2021-12-28"
"ФК \МТМ\ Хортицького району";"виробництво тепла";10020;10883;8.6127744510978;"2021-12-28"
"ФК \МТМ\ Хортицького району";"транспортування тепла";29974;30963;3.2995262560886;"2021-12-28"
"ФК \МТМ\ Хортицького району";"загальновиробничі";456;456;0;"2021-12-28"
"ФК \МТМ\ Шевченківського район";"виробництво тепла";7536;7632.00000000017;1.27388535032069;"2021-12-28"
"ФК \МТМ\ Шевченківського район";"транспортування тепла";21826;21892;0.302391642994593;"2021-12-28"
"ФК \МТМ\ Шевченківського район";"загальновиробничі";265;265;0;"2021-12-28"
"ФК \МТМ\ Олександрівського району";"виробництво тепла";8532;8704.4;2.02062822315989;"2021-12-29"
"ФК \МТМ\ Олександрівського району";"транспортування тепла";43532.7455583652;43597;0.147600250824187;"2021-12-29"
"ФК \МТМ\ Олександрівського району";"загальновиробничі";208;208;0;"2021-12-29"
"ФК \МТМ\ Заводського району";"виробництво тепла";6758;6817.19;0.875850843444836;"2021-12-29"
"ФК \МТМ\ Заводського району";"транспортування тепла";10123;10190;0.661859132668186;"2021-12-29"
"ФК \МТМ\ Заводського району";"загальновиробничі";522;522;0;"2021-12-29"
"ФК \МТМ\ Комунарського району";"виробництво тепла";13880;13984.6;0.753602305475498;"2021-12-29"
"ФК \МТМ\ Комунарського району";"транспортування тепла";15672;16145;3.0181214905564;"2021-12-29"
"ФК \МТМ\ Комунарського району";"загальновиробничі";552;522;-5.43478260869565;"2021-12-29"
"ФК \МТМ\ Дніпровського району";"виробництво тепла";11112;11835.1999999998;6.50827933765146;"2021-12-29"
"ФК \МТМ\ Дніпровського району";"транспортування тепла";39076;40190;2.85085474460027;"2021-12-29"
"ФК \МТМ\ Дніпровського району";"загальновиробничі";260;260;0;"2021-12-29"
"ФК \МТМ\ Вознесенівського району";"виробництво тепла";16238;17051.4999999998;5.00985343022442;"2021-12-29"
"ФК \МТМ\ Вознесенівського району";"транспортування тепла";65132;66456;2.03279493950745;"2021-12-29"
"ФК \МТМ\ Вознесенівського району";"загальновиробничі";358;358;0;"2021-12-29"
"ФК \МТМ\ Хортицького району";"виробництво тепла";10652;11443;7.42583552384528;"2021-12-29"
"ФК \МТМ\ Хортицького району";"транспортування тепла";29974;30963;3.2995262560886;"2021-12-29"
"ФК \МТМ\ Хортицького району";"загальновиробничі";456;456;0;"2021-12-29"
"ФК \МТМ\ Шевченківського район";"виробництво тепла";8636;8975.99999999983;3.93700787401381;"2021-12-29"
"ФК \МТМ\ Шевченківського район";"транспортування тепла";21826;21892;0.302391642994593;"2021-12-29"
"ФК \МТМ\ Шевченківського район";"загальновиробничі";265;265;0;"2021-12-29"
"ФК \"МТМ\" Олександрівського району";"виробництво тепла";8358;8481.1;1.47284039243836;"2021-12-30"
"ФК \"МТМ\" Олександрівського району";"транспортування тепла";43532.7455583652;43597;0.147600250824187;"2021-12-30"
"ФК \"МТМ\" Олександрівського району";"загальновиробничі";208;208;0;"2021-12-30"
"ФК \"МТМ\" Заводського району";"виробництво тепла";7058;7140.52;1.16916973646926;"2021-12-30"
"ФК \"МТМ\" Заводського району";"транспортування тепла";10123;10190;0.661859132668186;"2021-12-30"
"ФК \"МТМ\" Заводського району";"загальновиробничі";522;522;0;"2021-12-30"
"ФК \"МТМ\" Комунарського району";"виробництво тепла";13647;13723;0.556898952150653;"2021-12-30"
"ФК \"МТМ\" Комунарського району";"транспортування тепла";15672;16145;3.0181214905564;"2021-12-30"
"ФК \"МТМ\" Комунарського району";"загальновиробничі";552;522;-5.43478260869565;"2021-12-30"
"ФК \"МТМ\" Дніпровського району";"виробництво тепла";10114;10796.8;6.75103816491993;"2021-12-30"
"ФК \"МТМ\" Дніпровського району";"транспортування тепла";39076;40190;2.85085474460027;"2021-12-30"
"ФК \"МТМ\" Дніпровського району";"загальновиробничі";260;260;0;"2021-12-30"
"ФК \"МТМ\" Вознесенівського району";"виробництво тепла";16972;17895.62;5.44202215413594;"2021-12-30"
"ФК \"МТМ\" Вознесенівського району";"транспортування тепла";65132;66456;2.03279493950745;"2021-12-30"
"ФК \"МТМ\" Вознесенівського району";"загальновиробничі";358;358;0;"2021-12-30"
"ФК \"МТМ\" Хортицького району";"виробництво тепла";10152;10723;5.62450748620962;"2021-12-30"
"ФК \"МТМ\" Хортицького району";"транспортування тепла";29974;30963;3.2995262560886;"2021-12-30"
"ФК \"МТМ\" Хортицького району";"загальновиробничі";456;456;0;"2021-12-30"
"ФК \"МТМ\" Шевченківського район";"виробництво тепла";8612;8682.00000000004;0.812819321876868;"2021-12-30"
"ФК \"МТМ\" Шевченківського район";"транспортування тепла";21826;21892;0.302391642994593;"2021-12-30"
"ФК \"МТМ\" Шевченківського район";"загальновиробничі";265;265;0;"2021-12-30"
